-- phpMyAdmin SQL Dump
-- version 4.8.3
-- https://www.phpmyadmin.net/
--
-- Хост: 127.0.0.1:3306
-- Время создания: Фев 14 2019 г., 18:36
-- Версия сервера: 5.6.41
-- Версия PHP: 7.0.32

SET SQL_MODE = "NO_AUTO_VALUE_ON_ZERO";
SET AUTOCOMMIT = 0;
START TRANSACTION;
SET time_zone = "+00:00";


/*!40101 SET @OLD_CHARACTER_SET_CLIENT=@@CHARACTER_SET_CLIENT */;
/*!40101 SET @OLD_CHARACTER_SET_RESULTS=@@CHARACTER_SET_RESULTS */;
/*!40101 SET @OLD_COLLATION_CONNECTION=@@COLLATION_CONNECTION */;
/*!40101 SET NAMES utf8mb4 */;

--
-- База данных: `test`
--

-- --------------------------------------------------------

--
-- Структура таблицы `about`
--

CREATE TABLE `about` (
  `id` int(11) NOT NULL,
  `title` varchar(255) NOT NULL,
  `content` text NOT NULL
) ENGINE=InnoDB DEFAULT CHARSET=utf8;

--
-- Дамп данных таблицы `about`
--

INSERT INTO `about` (`id`, `title`, `content`) VALUES
(1, '', '<p>       Интернет-супермаркет AllPan™ — самый популярный интернет-магазин в Украине.\n</p><p>Мы предлагаем широкий ассортимент электроники, бытовой техники и различных потребительских товаров от одежды до алкогольных напитков.</p><p><b>\n<span style=\"font-size: 18px;\">Поможем выбрать, не дадим скучать!</span>\n</b></p><p>Наша задача состоит не только в том, чтобы просто продать нужный товар, но и в том, чтобы информировать и просвещать покупателя. Для этого мы снимаем видеообзоры новинок, готовим статьи и новости. Вооружившись всесторонней информацией об интересном устройстве и его главных конкурентах, вы сможете самостоятельно принять взвешенное решение о покупке именно того товара, который вам нужен.       \nНаш сайт в среднем посещает более 2 000 000 уникальных посетителей в день, и это число продолжает расти. Не останавливаясь на достигнутом, мы продолжаем наращивать обороты, стремясь стать лучшим в стране интернет-супермаркетом — местом, где вы сможете выбрать и приобрести любые товар — осознанно, недорого и удобно.\n</p><p><b>\n<span style=\"font-size: 18px;\">Нам доверяют</span></b>\n</p><p>Нашей главной целью и основополагающим принципом в работе является удовлетворенность клиентов — как розничных покупателей, так и организаций. С некоторыми компаниями мы сотрудничаем уже более 10 лет. При решении любых вопросов мы всегда на вашей стороне, потому что понимаем — наше будущее на 100% в ваших руках.</p><p><b>\n\n<span style=\"font-size: 18px;\">Для удобства выбора</span></b></p><p>\nМы стремимся предоставить максимум полезной информации о продаваемых товарах. Сайт AllPan.ua снабжен простыми и эффективными инструментами подбора товаров по техническим характеристикам. Например, в категории «Ноутбуки» вы можете задать сортировку по 11 важным параметрам. Мы готовы предложить 100% совместимые сопутствующие товары, аксессуары и расходные материалы.\n\nТакже в Киеве мы предлагаем посетить демонстрационный салон-магазин, где вы сможете «вживую» осмотреть и попробовать в действии приглянувшееся устройство, или же просто забрать свой заказ.\n\nУ нас работают профессиональные продавцы и консультанты. В телефонном режиме или непосредственно в магазине они готовы оказать квалифицированную техническую консультацию и ответить на любые вопросы.     </p>');

-- --------------------------------------------------------

--
-- Структура таблицы `administrators`
--

CREATE TABLE `administrators` (
  `id` int(11) NOT NULL,
  `admin_login` varchar(255) NOT NULL,
  `admin_pass` varchar(255) NOT NULL,
  `admin_fio` varchar(500) NOT NULL,
  `admin_role` varchar(255) NOT NULL,
  `admin_email` varchar(255) NOT NULL,
  `admin_phone` int(11) NOT NULL,
  `view_orders` int(11) NOT NULL,
  `accept_orders` int(11) NOT NULL,
  `delete_orders` int(11) NOT NULL,
  `add_tovar` int(11) NOT NULL,
  `edit_tovar` int(11) NOT NULL,
  `delete_tovar` int(11) NOT NULL,
  `accept_reviews` int(11) NOT NULL,
  `delete_reviews` int(11) NOT NULL,
  `view_clients` int(11) NOT NULL,
  `delete_clients` int(11) NOT NULL,
  `add_news` int(11) NOT NULL,
  `delete_news` int(11) NOT NULL,
  `add_category` int(11) NOT NULL,
  `delete_category` int(11) NOT NULL,
  `view_admin` int(11) NOT NULL,
  `add_worker` int(11) NOT NULL,
  `edit_worker` int(11) NOT NULL,
  `delete_worker` int(11) NOT NULL,
  `add_delivery` int(11) NOT NULL,
  `edit_delivery` int(11) NOT NULL,
  `delete_delivery` int(11) NOT NULL
) ENGINE=InnoDB DEFAULT CHARSET=utf8;

--
-- Дамп данных таблицы `administrators`
--

INSERT INTO `administrators` (`id`, `admin_login`, `admin_pass`, `admin_fio`, `admin_role`, `admin_email`, `admin_phone`, `view_orders`, `accept_orders`, `delete_orders`, `add_tovar`, `edit_tovar`, `delete_tovar`, `accept_reviews`, `delete_reviews`, `view_clients`, `delete_clients`, `add_news`, `delete_news`, `add_category`, `delete_category`, `view_admin`, `add_worker`, `edit_worker`, `delete_worker`, `add_delivery`, `edit_delivery`, `delete_delivery`) VALUES
(3, 'admin-category', '111111', 'lsjdf', 'admin-category', 'admin_category@gmail.com', 361435, 0, 0, 0, 0, 0, 0, 0, 0, 0, 0, 0, 0, 1, 1, 1, 0, 0, 0, 0, 0, 0),
(4, 'admin-order', '111111', 'sdfad', 'admin-order', 'admin_order@gmail.com', 24535, 1, 1, 1, 0, 0, 0, 0, 0, 0, 0, 0, 0, 0, 0, 1, 0, 0, 0, 0, 0, 0),
(5, 'admin-review', '111111', 'sdfd', 'admin-review', 'admin_review@gmail.com', 789, 0, 0, 0, 0, 0, 0, 1, 1, 0, 0, 0, 0, 0, 0, 1, 0, 0, 0, 0, 0, 0),
(6, 'admin-new', '111111', 'sdfsda', 'admin-new', 'admin_new@gmail.com', 143512, 0, 0, 0, 0, 0, 0, 0, 0, 0, 0, 1, 1, 0, 0, 1, 0, 0, 0, 0, 0, 0),
(7, 'admin-client', '111111', 'ere', 'admin-client', 'admin_client@gmail.com', 12341, 0, 0, 0, 0, 0, 0, 0, 0, 1, 1, 0, 0, 0, 0, 1, 0, 0, 0, 0, 0, 0),
(8, 'admin-worker', '111111', 'w4', 'admin-worker', 'admin_worker@gmail.com', 3124, 0, 0, 0, 0, 0, 0, 0, 0, 0, 0, 0, 0, 0, 0, 1, 1, 1, 1, 0, 0, 0),
(9, 'admin-delivery', '111111', 'wqe', 'admin-delivery', 'admin_delivery@gmail.com', 1234, 0, 0, 0, 0, 0, 0, 0, 0, 0, 0, 0, 0, 0, 0, 1, 0, 0, 0, 1, 1, 1),
(10, 'admin', '111111', 'asdfsa', 'admin', 'admin@gmail.com', 23423, 1, 1, 1, 1, 1, 1, 1, 1, 1, 1, 1, 1, 1, 1, 1, 1, 1, 1, 1, 1, 1),
(18, 'admin-product', '111111', 'dfad', 'admin-product', 'admin_product@gmail.com', 234, 0, 0, 0, 1, 1, 1, 0, 0, 0, 0, 0, 0, 0, 0, 1, 0, 0, 0, 0, 0, 0);

-- --------------------------------------------------------

--
-- Структура таблицы `animal`
--

CREATE TABLE `animal` (
  `id` int(11) NOT NULL,
  `name` varchar(255) NOT NULL,
  `status` int(11) DEFAULT NULL
) ENGINE=InnoDB DEFAULT CHARSET=utf8;

--
-- Дамп данных таблицы `animal`
--

INSERT INTO `animal` (`id`, `name`, `status`) VALUES
(1, 'тигр', 0),
(2, 'рак', 0),
(3, 'крыса', 0),
(4, 'саламандра', 0),
(5, 'антилопа', 1),
(6, 'акула', 0),
(7, 'альбатрос', 0),
(8, 'сокол', 0),
(9, 'лиса', 0),
(10, 'семга', 0),
(11, 'аист', 0),
(12, 'тетерев', 0),
(13, 'волк', 0),
(14, 'коршун', 0),
(15, 'норка', 0),
(16, 'анчоус', 0),
(17, 'собака', 1),
(18, 'амадина', 0),
(19, 'аботтин', 0),
(20, 'абидозавр', 0),
(21, 'ястреб', 0),
(22, 'ягуар', 0),
(23, 'крокодил', 0),
(24, 'лама', 0),
(25, 'попугай', 0),
(26, 'орел', 0),
(27, 'козел', 0),
(28, 'курипка', 0),
(29, 'лошадка', 0),
(30, 'какаду', 0),
(31, 'улитка', 0),
(32, 'пеликан', 0),
(33, 'алабай', 0),
(34, 'йоркширский терьер', 0),
(35, 'аллигатор', 0),
(36, 'росомаха', 0),
(97, 'тина', 0),
(98, 'амада', 0),
(99, 'дракон', 0),
(100, 'ак', 0);

-- --------------------------------------------------------

--
-- Структура таблицы `author`
--

CREATE TABLE `author` (
  `id` int(11) NOT NULL,
  `name_author` varchar(255) NOT NULL,
  `book_id` int(11) NOT NULL
) ENGINE=InnoDB DEFAULT CHARSET=utf8;

--
-- Дамп данных таблицы `author`
--

INSERT INTO `author` (`id`, `name_author`, `book_id`) VALUES
(1, 'Іван Нечуй-Левицький', 1),
(2, 'Леся Українка', 2),
(3, 'Іван Котляревський', 3),
(4, 'Олександра Олеся', 4),
(5, 'М.Ф.Рыльского', 4),
(6, 'Іван Нечуй-Левицький', 5),
(7, 'Тарас Шевченко', 6),
(8, 'Тарас Шевченко', 7);

-- --------------------------------------------------------

--
-- Структура таблицы `book`
--

CREATE TABLE `book` (
  `id` int(11) NOT NULL,
  `name_book` varchar(255) NOT NULL,
  `review` int(11) NOT NULL,
  `author` varchar(255) NOT NULL,
  `book_id` int(11) NOT NULL
) ENGINE=InnoDB DEFAULT CHARSET=utf8;

--
-- Дамп данных таблицы `book`
--

INSERT INTO `book` (`id`, `name_book`, `review`, `author`, `book_id`) VALUES
(1, 'Кайдашева сім\'я. ', 10, 'Іван Нечуй-Левицький', 1),
(2, 'Лісова пісня.', 4, 'Леся Українка', 2),
(3, 'Енеїда.', 4, 'Іван Котляревський', 3),
(4, 'Лирика', 8, 'Олександра Олеся', 4),
(5, 'Хмари', 4, 'Іван Нечуй-Левицький', 5),
(6, 'Гайдамаки', 7, 'Тарас Шевченко', 6),
(7, 'Наймичка', 9, 'Тарас Шевченко', 7),
(8, 'Лирика', 8, 'М.Ф.Рыльского', 4);

-- --------------------------------------------------------

--
-- Структура таблицы `busy_animal`
--

CREATE TABLE `busy_animal` (
  `id` int(11) NOT NULL,
  `name` varchar(255) NOT NULL,
  `animal_id` int(11) NOT NULL
) ENGINE=InnoDB DEFAULT CHARSET=utf8;

-- --------------------------------------------------------

--
-- Структура таблицы `cart`
--

CREATE TABLE `cart` (
  `id` int(11) NOT NULL,
  `product_id` int(11) NOT NULL,
  `ip_address` varchar(700) NOT NULL,
  `quantity` int(11) NOT NULL,
  `price` float NOT NULL,
  `real_price` float NOT NULL,
  `email` varchar(500) NOT NULL
) ENGINE=InnoDB DEFAULT CHARSET=utf8;

--
-- Дамп данных таблицы `cart`
--

INSERT INTO `cart` (`id`, `product_id`, `ip_address`, `quantity`, `price`, `real_price`, `email`) VALUES
(71, 1, '185.11.29.140', 2, 1536, 800, 'pedro1@gmail.com'),
(75, 401, '185.11.29.140', 2, 2000, 2000, 'pedro@gmail.com'),
(76, 346, '185.11.29.140', 2, 173, 173, 'pedro@gmail.com'),
(77, 297, '185.11.29.140', 1, 789, 789, 'pedro@gmail.com'),
(81, 335, '185.11.29.163', 1, 0, 2500, 'pedro1@gmail.com'),
(105, 4, '185.11.29.149', 1, 1699, 0, 'undefined'),
(106, 4, '185.11.29.149', 1, 1699, 1899, 'pedro1@gmail.com'),
(107, 335, 'undefined', 1, 2500, 2500, '0');

-- --------------------------------------------------------

--
-- Структура таблицы `cities_deliveres`
--

CREATE TABLE `cities_deliveres` (
  `id` int(11) NOT NULL,
  `city` varchar(255) NOT NULL
) ENGINE=InnoDB DEFAULT CHARSET=utf8;

--
-- Дамп данных таблицы `cities_deliveres`
--

INSERT INTO `cities_deliveres` (`id`, `city`) VALUES
(1, 'Киев'),
(2, 'Львов'),
(3, 'Одесса'),
(4, 'Житомер'),
(5, 'Ровно'),
(6, 'Харьков'),
(7, 'Луцк'),
(8, 'Винница'),
(9, 'Николаев'),
(10, 'Запорожье'),
(11, 'Здолбунов'),
(12, 'Мизоч'),
(13, 'Херсон'),
(14, 'Севастополь'),
(15, 'Луганск'),
(16, 'Донецк'),
(17, 'Херсонес'),
(18, 'Черкассы'),
(19, 'Сумы'),
(20, 'Чернигов'),
(21, 'Черновцы'),
(22, 'Тернополь'),
(23, 'Хмельницкий'),
(24, 'Одесса'),
(25, 'Кировоград'),
(26, 'Ивано-Франковск');

-- --------------------------------------------------------

--
-- Структура таблицы `city`
--

CREATE TABLE `city` (
  `id` int(11) NOT NULL,
  `city` varchar(255) NOT NULL,
  `country_id` int(11) NOT NULL
) ENGINE=InnoDB DEFAULT CHARSET=utf8;

--
-- Дамп данных таблицы `city`
--

INSERT INTO `city` (`id`, `city`, `country_id`) VALUES
(1, 'Kiev', 1),
(2, 'Odessa', 1),
(3, 'Moscow', 2),
(4, 'SAnct-Peterburg', 2);

-- --------------------------------------------------------

--
-- Структура таблицы `country`
--

CREATE TABLE `country` (
  `id` int(11) NOT NULL,
  `country` varchar(255) NOT NULL,
  `region` varchar(255) NOT NULL
) ENGINE=InnoDB DEFAULT CHARSET=utf8;

--
-- Дамп данных таблицы `country`
--

INSERT INTO `country` (`id`, `country`, `region`) VALUES
(1, 'Ukraine', 'pet'),
(2, 'Poland', 'pot'),
(3, 'Norvege', 'put');

-- --------------------------------------------------------

--
-- Структура таблицы `department`
--

CREATE TABLE `department` (
  `id` int(11) NOT NULL,
  `department` varchar(255) NOT NULL,
  `parent_id` int(11) NOT NULL,
  `photo` varchar(255) NOT NULL
) ENGINE=InnoDB DEFAULT CHARSET=utf8;

--
-- Дамп данных таблицы `department`
--

INSERT INTO `department` (`id`, `department`, `parent_id`, `photo`) VALUES
(1, 'All', 0, ''),
(2, 'Кухня', 37, '2.jpg'),
(3, 'Мебель', 37, '3.jpg'),
(4, 'Текстиль', 37, '4.jpg'),
(5, 'Косметика1', 1, '11.jpg'),
(6, 'Уход за волосами', 5, '6.jpg'),
(7, 'Уход за телом', 5, '7.jpg'),
(8, 'Косметика для мужчин', 5, '8.jpg'),
(9, 'Декоративная косметика', 5, '9.jpg'),
(10, 'Уход за лицом', 5, '10.jpg'),
(11, 'Гигиена', 5, '11.jpg'),
(12, 'Техника и мультимедиа', 1, '12.jpeg'),
(13, 'Бытовая техника', 12, '13.jpg'),
(14, 'Аудио и видеотехника', 12, '14.jpg'),
(15, 'Телефоны', 12, '15.jpg'),
(16, 'Фототехника и аксессуары', 12, '16.jpg'),
(17, 'Канцтовары,книги', 1, '18.jpg'),
(18, 'Канцелярские товары', 17, '18.jpg'),
(19, 'Книги', 17, '19.jpg'),
(20, 'Товары для ремонта', 1, '21.jpg'),
(21, 'Сантехника', 20, '21.jpg'),
(22, 'Лакокрасочные материалы', 20, '22.jpg'),
(23, 'Инструменты для ремонта', 20, '23.jpg'),
(24, 'Строительная химия', 20, '24.jpg'),
(25, 'Строительные крепления', 20, '25.jpg'),
(26, 'Все для животных', 1, '27.jpg'),
(27, 'Гигиена и уход за животными', 26, '27.jpg'),
(28, 'Аксессуары для животных', 26, '28.jpg'),
(29, 'Игрушки для животных', 26, '29.jpg'),
(30, 'Все для малышей', 1, '31.jpg'),
(31, 'Товары для кормления', 30, '31.jpg'),
(32, 'Коляски', 30, '32.jpg'),
(33, 'Детская гигиена и уход', 30, '33.jpg'),
(34, 'Товары для купания', 30, '34.jpg'),
(35, 'Товары для кормления', 30, '35.jpg'),
(36, 'Игрушки для детей', 30, '36.jpg'),
(37, 'Товары для дома', 1, '2.jpg'),
(50, 'dsfsd', 9, '7.jpg'),
(51, 'wars', 11, '2.jpg');

-- --------------------------------------------------------

--
-- Структура таблицы `discount`
--

CREATE TABLE `discount` (
  `id` int(11) NOT NULL,
  `product_id` int(11) NOT NULL,
  `value_discount` int(11) NOT NULL,
  `end_date` date NOT NULL
) ENGINE=InnoDB DEFAULT CHARSET=utf8;

--
-- Дамп данных таблицы `discount`
--

INSERT INTO `discount` (`id`, `product_id`, `value_discount`, `end_date`) VALUES
(1, 5, 8, '2019-01-25'),
(2, 8, 11, '2018-11-11'),
(3, 9, 20, '2018-11-19'),
(5, 1, 4, '2019-01-26'),
(7, 3, 10, '1970-01-01'),
(8, 15, 2, '2018-01-11'),
(9, 204, 3, '2018-01-11'),
(10, 205, 6, '1970-01-01'),
(11, 206, 10, '1970-01-01'),
(12, 223, 23, '2018-07-12'),
(13, 297, 1, '2018-12-11'),
(14, 298, 213, '2018-10-12'),
(15, 321, 10, '2018-12-31'),
(16, 322, 5, '2019-01-31'),
(17, 323, 15, '0000-00-00'),
(18, 324, 10, '2019-02-28'),
(19, 325, 8, '0000-00-00'),
(20, 326, 5, '2018-12-28'),
(21, 327, 2, '1970-01-01'),
(22, 329, 1, '2019-02-22'),
(23, 400, 3, '2019-01-16'),
(24, 299, 4, '2019-02-08'),
(25, 422, 6, '2019-01-25'),
(26, 2, 3, '2019-01-22'),
(27, 295, 34, '2019-02-01'),
(28, 442, 23, '2019-02-08');

-- --------------------------------------------------------

--
-- Структура таблицы `news`
--

CREATE TABLE `news` (
  `id` int(11) NOT NULL,
  `title` varchar(255) NOT NULL,
  `img` varchar(255) NOT NULL,
  `content` text NOT NULL
) ENGINE=InnoDB DEFAULT CHARSET=utf8;

--
-- Дамп данных таблицы `news`
--

INSERT INTO `news` (`id`, `title`, `img`, `content`) VALUES
(2, 'Все о новеньких MacBook Air, iPad и Mac Mini. Итоги октябрьской презентации Apple', '2.jpg', 'Презентация началась с нового MacBook Air с Retina-дисплеем. Новинку в общих чертах можно назвать прокачанным MacBook Pro 13 без тачбара.\r\nГлавная особенность свеженького MacBook Air – практически безрамочный 13,3-дюймовый дисплей Retina.\r\nРамки стали в два раза меньше, а сам корпус лэптопа, по словам создателей, уменьшился на 17%. Кроме того, на презентации Apple похвасталась тем, что новенький ноутбук имеет в два раза лучшую цветопередачу.\r\nСообщается, что новые MacBook Air практически полностью изготовлены из переработанного алюминия. Если верить Apple, новый сплав обладает теми же характеристиками, что и добываемый из руды алюминий.\r\nMacBook Air 2018 снабжен датчиком отпечатков пальцев Touch ID, парой Thunderbolt-портов, работающих через USB-C.\r\nНоутбук оснащается процессором Intel восьмого поколения с интегрированной графикой. Оперативки – до 16 ГБ, тогда как SSD – до 1,5 ТБ. У базовой модели не менее 8 ГБ оперативной памяти и 128 ГБ постоянной.'),
(3, 'Супер надежные и производительные – ТОП 10 самых крутых моделей ноутбуков Dell', '3.jpg', 'Если спросить у любого американца, что такое смартфон, он скажет вам – это iPhone, а если поинтересоваться что такое ноутбук, он ответит – Dell. Рынок США, избалованный качественной продукцией, давно оценил ноутбуки бренда Делл, надежность и качество которых стало ориентиром для многих производителей. Ноутбуки Делл отличаются от продуктов других компаний прекрасным дизайном, прочным корпусом из анодированного алюминия, сочным и ярким экраном с большими углами обзора и хорошим оснащением высокопроизводительными компонентами, обеспечивающими готовность выполнять любые задачи. Добавьте сюда влагозащитную клавиатуру с подсветкой, емкую батарею, безупречную сборку, невероятную легкость моделей и вы получите первое представление о ноутбуках Dell.\r\n\r\nГлавной особенностью ноутбуков Dell является выстраивание всего модельного ряда в стройную структуру , где каждый девайс занимает свое место в иерархии бренда в соответствии с принадлежностью к серии и своим назначением:\r\n<ul>\r\n<li>Dell XPS – просто абсолютно лучшие во всех категориях. Эти лаптопы имеют великолепную производительность и оснащение. Но, главная фишка этих ноутбуков – высококачественные безрамочные сенсорные экраны на основе IPS-матриц, обладающие поворотной функцией, превращающей девайс в планшет. Эти машины универсальны и отлично подойдут как любителям игр, так и для работы. Еще одно важное отличие машин серии Dell XPS состоит в том, что у них по две видеокарты GeForce,  объединенных по технологии Nvidia SLI. Уверенный ответ яблочным ноутбукам серии MacBook Pro.</li>\r\n<li>Dell Alienware – лучшие для игр. Ноутбуки выпускаются специально для геймеров, а их мощности просто впечатляют – оперативная память от 8 до 32 Гб, винчестер на 1Тб, память видео 6 – 8 Гб. Особенность изделий этой серии в комплектации исключительно интеловскими процессорами последних поколений. Они оснащаются сенсорной панелью управления, вместо привычных клавиатурных клавиш. В отличие от моделей XPS в Alienware обычно ставят 2видеокарты Radeon, объединеных по технологии CrossFire.</li>\r\n<li>Dell Inspiron – лучшие для повседневного использования. Самый массовый ноутбук Dell для дома. Большинство изделий широкого модельного ряда отличают жесткий диск  большого объема, производительная видеокарта и встроенный  DVD-RW. На Inspiron устанавливают как процессоры Intel , так и процессоры  AMD.</li>\r\n<li>Dell Vostro – лучшие офисные «рабочие лошадки» с расширенными графическими возможностями. Это недорогие модели с оптимальным соотношением цены и технических параметров, которые ориентированы для работы на малых предприятиях. Они прекрасно подходят для выполнения повседневных задач и способны удовлетворить все потребности небольшого предприятия.</li>\r\n<li>Dell Latitude – лучшие для бизнеса. Ноутбуки линейки Dell Latitude отличает качество сборки, легкость, экономичность и прочность. Они отлично переносят тряску, что очень важно в дороге. Линейка ноутбуков корпоративного класса Latitude рассчитана на офисных работников и деловых людей, а преимуществом моделей серии является длительное время автономной работы, обусловленное встроенной батареей увеличенной емкости, установленной взамен базовой.</li><li>Dell Precision – лучшие для работы с графикой. Модели серии  Precision ориентированы для выполнения сложных работ с графикой, обработкой видео и работой с ресурсоемкими программами. Покупка модели этой серии будет оправдана, если вам от ноутбука требуется максимальная производительность и  способность стать полноценной заменой настольному компьютеру.</li>\r\n<li>Dell Chromebook – лучшие бюджетные для студентов. Небольшая диагональ экрана, компактные размеры, невысокая цена и возможности работать в нетребовательных к ресурсам приложениях станет хороши выбором и подспорьем в успешной учебе.</li></ul>'),
(4, 'Обзор Топ мониторов в недорогом сегменте – лучшие модели бренда LG', '4.jpg', 'Уверенно держит лидерство по продажам мониторов компания LG. Благодаря постоянному поиску новых решений, инновациям, приемлемой ценовой политике, отлично разработанному маркетингу лучшие модели мониторов LG охотно покупают. Нами был подготовлен актуальный рейтинг лучших мониторов LG недорогого сегмента с учетом выбора и отзывов покупателей.\r\nLG входит в число лидирующих брендов мира благодаря собственным инновационным технологиям, успешно применяющимся в производстве мониторов. Среди них технологии отображения информации на жидкокристаллических дисплеях — TFT-LCD, а также экраны на основе органических светодиодов. Кроме того, именно производитель LG первым разработал системы освещения, взяв за основу органические светодиоды.\r\nВ этому году LG удивила весь мир на выставке CES 2018 были представлены мониторы, использующие технологию Nano IPS и поддерживающие разрешение 5K, тем самым сделав вызов своим ближайшим конкурентам.\r\n<h2>На что обращать внимание при выборе монитора бренда?</h2>\r\n<ul><li>Когда вы выбираете монитор LG, первое на что вы должны обратить внимание — это нужная диагональ и разрешение. Популярностью пользуются 23-дюймовые модели. Доступная цена, достаточный обзор и Full HD. Они обеспечивают хорошее качество для множества задач.</li>\r\n<li>Что касается соотношения сторон, то 16:9 будет отличным вариантом и для того, чтобы посмотреть фильм и для игровых баталий. Если 23-х дюймов будет мало, то можно обратить взгляд на 27-дюймовые модели. Full HD, разрешение которых 1920х1080 — это сравнительно недорогой вариант при достойном качестве изображения.</li>\r\n<li>При выборе монитора рекомендуем обратить внимание на время отклика и частоту обновления. Отклик матрицы является временем, которое необходимо пикселям для перемены цвета с черного на белый. Динамичные сцены будут хромать, если этот показатель будет большим. Реалистичная картинка требует значения 5 миллисекунд. Но, стоит учитывать и максимальную частоту обновления изображения. Здесь все просто, чем больше этот показатель — тем естественнее будет изображение.</li>\r\n<li>Еще одним пунктом выбора является яркость. Это мощность подсветки. Пиксельная структура будет менее заметна, когда этот показатель будет выше. Если монитор будет использовать в комнате, где достаточно солнечного света, то его яркость должна быть не меньше 400 кд/м2. Учитывать стоит и контрастность, чем она выше, тем лучше будет картинка.</li>\r\n<li>В вопросе матрицы IPS — это доступный по стоимости и хороший по качеству вариант. Высокая цветопередача и максимально доступные углы обзора. Дороже будет OLED-матрица, но цветопередача будет на высоте, благодаря тому, что пиксели будут излучать свой собственный свет, а черный, будет максимально черным. Из-за чего контрастность будет в разы больше и насыщеннее изображение.</li>'),
(10, 'ert', '499560699_w0_h0_1_4.jpg', 'bvbvbvb');

-- --------------------------------------------------------

--
-- Структура таблицы `orders`
--

CREATE TABLE `orders` (
  `id` int(11) NOT NULL,
  `order_fio` varchar(255) NOT NULL,
  `order_delivery` varchar(255) NOT NULL,
  `order_email` varchar(255) NOT NULL,
  `order_phone` varchar(255) NOT NULL,
  `order_address` varchar(255) NOT NULL,
  `price` float NOT NULL,
  `product_id` int(11) NOT NULL,
  `ip_address` varchar(500) NOT NULL,
  `payed` int(11) NOT NULL,
  `accepted` int(11) NOT NULL,
  `datetime` datetime NOT NULL,
  `order_confirmed` varchar(255) NOT NULL DEFAULT 'no',
  `quantity` int(11) NOT NULL
) ENGINE=InnoDB DEFAULT CHARSET=utf8;

--
-- Дамп данных таблицы `orders`
--

INSERT INTO `orders` (`id`, `order_fio`, `order_delivery`, `order_email`, `order_phone`, `order_address`, `price`, `product_id`, `ip_address`, `payed`, `accepted`, `datetime`, `order_confirmed`, `quantity`) VALUES
(3, 'sdgSD', 'ПО ПОЧТЕ', 'sdfads', '24514', 'dsfzd', 140, 7, '185.11.29.210', 1, 1, '2018-11-01 00:00:00', 'yes', 1),
(31, '', 'Самовывоз', '', '', '', 1699, 3, '185.11.29.210', 0, 0, '2018-11-20 00:00:00', 'no', 2),
(32, '', 'Самовывоз', '', '', '', 3798, 4, '185.11.29.210', 0, 0, '2018-11-09 00:00:00', 'no', 3),
(33, 'hukl', 'Курьером', 'jhkl', 'jkl', 'jkl;', 6480, 6, '185.11.29.210', 0, 0, '2018-11-22 00:00:00', 'no', 1),
(34, 'hukl', 'Курьером', 'jhkl', 'jkl', 'jkl;', 1949, 5, '185.11.29.210', 0, 0, '2018-11-30 00:00:00', 'no', 78),
(35, '', 'Самовывоз', '', '', '', 9720, 6, '185.11.29.210', 0, 0, '2018-11-03 00:00:00', 'no', 3),
(36, 'awerWE', 'Самовывоз', 'AWERA', '123452', 'sdfsdf', 1949, 5, '185.11.29.210', 0, 0, '2018-11-27 00:00:00', 'yes', 1),
(38, '', 'Самовывоз', '', '', '', 7796, 5, '185.11.29.210', 0, 0, '2018-11-28 17:59:40', 'no', 4),
(39, 'dfasdfsd', 'Курьером', 'kiril@an.com', '2435134614', 'kkkkk', 567, 15, '185.11.29.166', 0, 0, '2018-12-17 11:34:07', 'no', 2),
(40, '', 'Самовывоз', '', '', '', 150, 0, '185.11.29.167', 0, 0, '2019-01-01 23:00:44', 'no', 3),
(41, '', 'Самовывоз', '', '', '', 150, 0, '185.11.29.167', 0, 0, '2019-01-01 23:58:23', 'no', 3),
(42, '', 'Самовывоз', '', '', '', 1440, 14, '185.11.29.167', 0, 0, '2019-01-01 23:58:23', 'no', 2),
(43, 'ivan', 'Курьером', 'ivanov@gmail.com', '12', 'moskva', 100, 0, '185.11.29.167', 0, 0, '2019-01-02 00:00:03', 'no', 2),
(44, 'ivan', 'Курьером', 'ivanov@gmail.com', '12', 'moskva', 720, 14, '185.11.29.167', 0, 0, '2019-01-02 00:00:03', 'no', 1),
(45, '', 'Самовывоз', '', '', '', 100, 311, '185.11.29.167', 0, 0, '2019-01-02 00:09:37', 'no', 2),
(46, '', 'Самовывоз', '', '', '', 720, 298, '185.11.29.167', 0, 0, '2019-01-02 00:09:37', 'no', 1),
(47, '', 'Самовывоз', '', '', '', 100, 311, '185.11.29.167', 0, 0, '2019-01-02 00:12:53', 'no', 2),
(48, '', 'Самовывоз', '', '', '', 720, 298, '185.11.29.167', 0, 0, '2019-01-02 00:12:53', 'no', 1),
(49, '', 'По почте', '', '', '', 100, 311, '185.11.29.167', 0, 0, '2019-01-02 00:14:32', 'no', 2),
(50, '', 'По почте', '', '', '', 720, 298, '185.11.29.167', 0, 0, '2019-01-02 00:14:32', 'no', 1),
(51, '', 'По почте', '', '', '', 80, 2, '185.11.29.167', 0, 0, '2019-01-02 00:14:32', 'no', 1),
(52, 'sd', 'Курьером', 'sdf', 'sdf', 'sd', 100, 311, '185.11.29.167', 0, 0, '2019-01-02 00:15:28', 'no', 2),
(53, 'sd', 'Курьером', 'sdf', 'sdf', 'sd', 720, 298, '185.11.29.167', 0, 0, '2019-01-02 00:15:28', 'no', 1),
(54, 'sd', 'Курьером', 'sdf', 'sdf', 'sd', 80, 2, '185.11.29.167', 0, 0, '2019-01-02 00:15:28', 'no', 1),
(55, 'sd', 'Курьером', 'sdf', 'sdf', 'sd', 100, 311, '185.11.29.167', 0, 0, '2019-01-02 00:17:57', 'no', 2),
(56, 'sd', 'Курьером', 'sdf', 'sdf', 'sd', 720, 298, '185.11.29.167', 0, 0, '2019-01-02 00:17:57', 'no', 1),
(57, 'sd', 'Курьером', 'sdf', 'sdf', 'sd', 80, 2, '185.11.29.167', 0, 0, '2019-01-02 00:17:57', 'no', 1),
(58, 'sd', 'Курьером', 'sdf', 'sdf', 'sd', 100, 311, '185.11.29.167', 0, 0, '2019-01-02 00:21:49', 'no', 2),
(59, 'sd', 'Курьером', 'sdf', 'sdf', 'sd', 720, 298, '185.11.29.167', 0, 0, '2019-01-02 00:21:49', 'no', 1),
(60, 'sd', 'Курьером', 'sdf', 'sdf', 'sd', 80, 2, '185.11.29.167', 0, 0, '2019-01-02 00:21:49', 'no', 1),
(61, 'sd', 'Курьером', 'sdf', 'sdf', 'sd', 100, 311, '185.11.29.167', 0, 0, '2019-01-02 00:22:18', 'no', 2),
(62, 'sd', 'Курьером', 'sdf', 'sdf', 'sd', 720, 298, '185.11.29.167', 0, 0, '2019-01-02 00:22:18', 'no', 1),
(63, 'sd', 'Курьером', 'sdf', 'sdf', 'sd', 80, 2, '185.11.29.167', 0, 0, '2019-01-02 00:22:18', 'no', 1),
(64, 'sd', 'Курьером', 'sdf', 'sdf', 'sd', 100, 311, '185.11.29.167', 0, 0, '2019-01-02 00:29:00', 'no', 2),
(65, 'sd', 'Курьером', 'sdf', 'sdf', 'sd', 720, 298, '185.11.29.167', 0, 0, '2019-01-02 00:29:00', 'no', 1),
(66, 'sd', 'Курьером', 'sdf', 'sdf', 'sd', 80, 2, '185.11.29.167', 0, 0, '2019-01-02 00:29:00', 'no', 1),
(67, 'sd', 'Курьером', 'sdf', 'sdf', 'sd', 478, 361, '185.11.29.167', 0, 0, '2019-01-02 00:29:00', 'no', 2),
(68, 'petro', 'По почте', 'petro@gmail.com', '2534', 'wewewwe', 100, 311, '185.11.29.167', 0, 0, '2019-01-02 00:30:01', 'no', 2),
(69, 'petro', 'По почте', 'petro@gmail.com', '2534', 'wewewwe', 720, 298, '185.11.29.167', 0, 0, '2019-01-02 00:30:01', 'no', 1),
(70, 'petro', 'По почте', 'petro@gmail.com', '2534', 'wewewwe', 80, 2, '185.11.29.167', 0, 0, '2019-01-02 00:30:01', 'no', 1),
(71, 'petro', 'По почте', 'petro@gmail.com', '2534', 'wewewwe', 239, 361, '185.11.29.167', 0, 0, '2019-01-02 00:30:01', 'no', 1),
(72, 'lkj', 'Курьером', 'lkj', '', 'lk', 100, 311, '185.11.29.167', 0, 0, '2019-01-02 00:33:02', 'no', 2),
(73, 'lkj', 'Курьером', 'lkj', '', 'lk', 1440, 298, '185.11.29.167', 0, 0, '2019-01-02 00:33:02', 'no', 2),
(74, 'lkj', 'Курьером', 'lkj', '', 'lk', 80, 2, '185.11.29.167', 0, 0, '2019-01-02 00:33:02', 'no', 1),
(75, 'lkj', 'Курьером', 'lkj', '', 'lk', 239, 361, '185.11.29.167', 0, 0, '2019-01-02 00:33:02', 'no', 1),
(76, 'yr6', 'По почте', 'awsef', 's', 'sadf', 100, 311, '185.11.29.167', 0, 0, '2019-01-02 22:55:45', 'no', 2),
(77, 'yr6', 'По почте', 'awsef', 's', 'sadf', 80, 2, '185.11.29.167', 0, 0, '2019-01-02 22:55:45', 'no', 1),
(78, 'yr6', 'По почте', 'awsef', 's', 'sadf', 239, 361, '185.11.29.167', 0, 0, '2019-01-02 22:55:45', 'no', 1),
(79, 'yr6', 'По почте', 'awsef', 's', 'sadf', 0, 395, '185.11.29.167', 0, 0, '2019-01-02 22:55:45', 'yes', 1),
(80, 'aSd', 'Курьером', 'asd', 'asd', '', 0, 295, '185.11.29.134', 0, 0, '2019-01-09 11:26:54', 'no', 1),
(81, 'aSd', 'Курьером', 'asd', 'asd', '', 3200, 1, '185.11.29.134', 0, 0, '2019-01-09 11:26:54', 'no', 4),
(82, 'srfgter', 'Курьером', 'xdfg', 'dxfg', 'dxfg', 2300, 334, '185.11.29.149', 0, 0, '2019-01-12 12:43:33', 'no', 1),
(83, 'srfgter', 'Курьером', 'xdfg', 'dxfg', 'dxfg', 5000, 335, '185.11.29.149', 0, 0, '2019-01-12 12:43:33', 'no', 2),
(84, 'srfgter', 'Курьером', 'xdfg', 'dxfg', 'dxfg', 2300, 334, '185.11.29.149', 0, 0, '2019-01-12 12:43:40', 'no', 1),
(85, 'srfgter', 'Курьером', 'xdfg', 'dxfg', 'dxfg', 5000, 335, '185.11.29.149', 0, 0, '2019-01-12 12:43:40', 'no', 2),
(86, 'srfgter', 'Курьером', 'xdfg', 'dxfg', 'dxfg', 2300, 334, '185.11.29.149', 0, 0, '2019-01-12 12:46:25', 'no', 1),
(87, 'srfgter', 'Курьером', 'xdfg', 'dxfg', 'dxfg', 5000, 335, '185.11.29.149', 0, 0, '2019-01-12 12:46:25', 'no', 2),
(88, 'srfgter', 'Курьером', 'xdfg', 'dxfg', 'dxfg', 2300, 334, '185.11.29.149', 0, 0, '2019-01-12 12:46:40', 'no', 1),
(89, 'srfgter', 'Курьером', 'xdfg', 'dxfg', 'dxfg', 5000, 335, '185.11.29.149', 0, 0, '2019-01-12 12:46:40', 'no', 2),
(90, '', 'Самовывоз', '', '', '', 2300, 334, '185.11.29.149', 0, 0, '2019-01-12 12:46:50', 'no', 1),
(91, '', 'Самовывоз', '', '', '', 5000, 335, '185.11.29.149', 0, 0, '2019-01-12 12:46:50', 'no', 2),
(92, '', 'Самовывоз', '', '', '', 2300, 334, '185.11.29.149', 0, 0, '2019-01-12 12:48:05', 'no', 1),
(93, '', 'Самовывоз', '', '', '', 5000, 335, '185.11.29.149', 0, 0, '2019-01-12 12:48:05', 'no', 2),
(94, '', 'Самовывоз', '', '', '', 2300, 334, '185.11.29.149', 0, 0, '2019-01-12 12:48:22', 'no', 1),
(95, '', 'Самовывоз', '', '', '', 5000, 335, '185.11.29.149', 0, 0, '2019-01-12 12:48:22', 'no', 2),
(96, '', 'Самовывоз', '', '', '', 2300, 334, '185.11.29.149', 0, 0, '2019-01-12 12:50:09', 'no', 1),
(97, '', 'Самовывоз', '', '', '', 5000, 335, '185.11.29.149', 0, 0, '2019-01-12 12:50:09', 'no', 2),
(98, '', 'Самовывоз', '', '', '', 2300, 334, '185.11.29.149', 0, 0, '2019-01-12 12:50:10', 'no', 1),
(99, '', 'Самовывоз', '', '', '', 5000, 335, '185.11.29.149', 0, 0, '2019-01-12 12:50:10', 'no', 2),
(100, '', 'Самовывоз', '', '', '', 2300, 334, '185.11.29.149', 0, 0, '2019-01-12 13:02:31', 'no', 1),
(101, '', 'Самовывоз', '', '', '', 5000, 335, '185.11.29.149', 0, 0, '2019-01-12 13:02:31', 'no', 2),
(102, '', 'Самовывоз', '', '', '', 2300, 334, '185.11.29.149', 0, 0, '2019-01-12 13:02:32', 'no', 1),
(103, '', 'Самовывоз', '', '', '', 5000, 335, '185.11.29.149', 0, 0, '2019-01-12 13:02:32', 'no', 2),
(104, '', 'Самовывоз', '', '', '', 2300, 334, '185.11.29.149', 0, 0, '2019-01-12 13:02:47', 'no', 1),
(105, '', 'Самовывоз', '', '', '', 5000, 335, '185.11.29.149', 0, 0, '2019-01-12 13:02:47', 'no', 2),
(106, '', 'Самовывоз', '', '', '', 2300, 334, '185.11.29.149', 0, 0, '2019-01-12 13:02:48', 'no', 1),
(107, '', 'Самовывоз', '', '', '', 5000, 335, '185.11.29.149', 0, 0, '2019-01-12 13:02:48', 'no', 2),
(108, '', 'Самовывоз', '', '', '', 2300, 334, '185.11.29.149', 0, 0, '2019-01-12 13:07:13', 'no', 1),
(109, '', 'Самовывоз', '', '', '', 5000, 335, '185.11.29.149', 0, 0, '2019-01-12 13:07:13', 'no', 2),
(110, '', 'Самовывоз', '', '', '', 2300, 334, '185.11.29.149', 0, 0, '2019-01-12 13:07:14', 'no', 1),
(111, '', 'Самовывоз', '', '', '', 5000, 335, '185.11.29.149', 0, 0, '2019-01-12 13:07:14', 'no', 2),
(112, '', 'Самовывоз', '', '', '', 2300, 334, '185.11.29.149', 0, 0, '2019-01-12 13:07:15', 'no', 1),
(113, '', 'Самовывоз', '', '', '', 5000, 335, '185.11.29.149', 0, 0, '2019-01-12 13:07:15', 'no', 2),
(114, '', 'Самовывоз', '', '', '', 2300, 334, '185.11.29.149', 0, 0, '2019-01-12 13:07:16', 'no', 1),
(115, '', 'Самовывоз', '', '', '', 5000, 335, '185.11.29.149', 0, 0, '2019-01-12 13:07:16', 'no', 2),
(116, '', 'Самовывоз', '', '', '', 2300, 334, '185.11.29.149', 0, 0, '2019-01-12 13:07:16', 'no', 1),
(117, '', 'Самовывоз', '', '', '', 5000, 335, '185.11.29.149', 0, 0, '2019-01-12 13:07:16', 'no', 2),
(118, '', 'Самовывоз', '', '', '', 2300, 334, '185.11.29.149', 0, 0, '2019-01-12 13:07:17', 'no', 1),
(119, '', 'Самовывоз', '', '', '', 5000, 335, '185.11.29.149', 0, 0, '2019-01-12 13:07:17', 'no', 2),
(120, '', 'Самовывоз', '', '', '', 2300, 334, '185.11.29.149', 0, 0, '2019-01-12 13:07:39', 'no', 1),
(121, '', 'Самовывоз', '', '', '', 5000, 335, '185.11.29.149', 0, 0, '2019-01-12 13:07:39', 'no', 2),
(122, '', 'Самовывоз', '', '', '', 2300, 334, '185.11.29.149', 0, 0, '2019-01-12 13:07:40', 'no', 1),
(123, '', 'Самовывоз', '', '', '', 5000, 335, '185.11.29.149', 0, 0, '2019-01-12 13:07:40', 'no', 2),
(124, '', 'Самовывоз', '', '', '', 2300, 334, '185.11.29.149', 0, 0, '2019-01-12 13:08:12', 'no', 1),
(125, '', 'Самовывоз', '', '', '', 5000, 335, '185.11.29.149', 0, 0, '2019-01-12 13:08:12', 'no', 2),
(126, '', 'Самовывоз', '', '', '', 2300, 334, '185.11.29.149', 0, 0, '2019-01-12 13:08:12', 'no', 1),
(127, '', 'Самовывоз', '', '', '', 5000, 335, '185.11.29.149', 0, 0, '2019-01-12 13:08:12', 'no', 2),
(128, '', 'Самовывоз', '', '', '', 2300, 334, '185.11.29.149', 0, 0, '2019-01-12 13:08:27', 'no', 1),
(129, '', 'Самовывоз', '', '', '', 5000, 335, '185.11.29.149', 0, 0, '2019-01-12 13:08:27', 'no', 2),
(130, '', 'Самовывоз', '', '', '', 2300, 334, '185.11.29.149', 0, 0, '2019-01-12 13:08:28', 'no', 1),
(131, '', 'Самовывоз', '', '', '', 5000, 335, '185.11.29.149', 0, 0, '2019-01-12 13:08:28', 'no', 2),
(132, '', 'Самовывоз', '', '', '', 2300, 334, '185.11.29.149', 0, 0, '2019-01-12 13:08:29', 'no', 1),
(133, '', 'Самовывоз', '', '', '', 5000, 335, '185.11.29.149', 0, 0, '2019-01-12 13:08:29', 'no', 2),
(134, '', 'Самовывоз', '', '', '', 2300, 334, '185.11.29.149', 0, 0, '2019-01-12 13:09:26', 'no', 1),
(135, '', 'Самовывоз', '', '', '', 5000, 335, '185.11.29.149', 0, 0, '2019-01-12 13:09:26', 'no', 2),
(136, '', 'Самовывоз', '', '', '', 2300, 334, '185.11.29.149', 0, 0, '2019-01-12 13:09:27', 'no', 1),
(137, '', 'Самовывоз', '', '', '', 5000, 335, '185.11.29.149', 0, 0, '2019-01-12 13:09:27', 'no', 2),
(138, '', 'Самовывоз', '', '', '', 2300, 334, '185.11.29.149', 0, 0, '2019-01-12 13:09:52', 'no', 1),
(139, '', 'Самовывоз', '', '', '', 5000, 335, '185.11.29.149', 0, 0, '2019-01-12 13:09:52', 'no', 2),
(140, '', 'Самовывоз', '', '', '', 2300, 334, '185.11.29.149', 0, 0, '2019-01-12 13:10:36', 'no', 1),
(141, '', 'Самовывоз', '', '', '', 5000, 335, '185.11.29.149', 0, 0, '2019-01-12 13:10:36', 'no', 2),
(142, '', 'Самовывоз', '', '', '', 2300, 334, '185.11.29.149', 0, 0, '2019-01-12 13:15:09', 'no', 1),
(143, '', 'Самовывоз', '', '', '', 5000, 335, '185.11.29.149', 0, 0, '2019-01-12 13:15:09', 'no', 2),
(144, '', 'Самовывоз', '', '', '', 2300, 334, '185.11.29.149', 0, 0, '2019-01-12 13:15:16', 'no', 1),
(145, '', 'Самовывоз', '', '', '', 5000, 335, '185.11.29.149', 0, 0, '2019-01-12 13:15:16', 'no', 2),
(146, '', 'Самовывоз', '', '', '', 2300, 334, '185.11.29.149', 0, 0, '2019-01-12 13:15:17', 'no', 1),
(147, '', 'Самовывоз', '', '', '', 5000, 335, '185.11.29.149', 0, 0, '2019-01-12 13:15:17', 'no', 2),
(148, '', 'Самовывоз', '', '', '', 2300, 334, '185.11.29.149', 0, 0, '2019-01-12 13:15:18', 'no', 1),
(149, '', 'Самовывоз', '', '', '', 5000, 335, '185.11.29.149', 0, 0, '2019-01-12 13:15:18', 'no', 2),
(150, '', 'Самовывоз', '', '', '', 2300, 334, '185.11.29.149', 0, 0, '2019-01-12 13:32:49', 'no', 1),
(151, '', 'Самовывоз', '', '', '', 5000, 335, '185.11.29.149', 0, 0, '2019-01-12 13:32:49', 'no', 2),
(152, '', 'Самовывоз', '', '', '', 2300, 334, '185.11.29.149', 0, 0, '2019-01-12 13:32:50', 'no', 1),
(153, '', 'Самовывоз', '', '', '', 5000, 335, '185.11.29.149', 0, 0, '2019-01-12 13:32:50', 'no', 2),
(154, '', 'Самовывоз', '', '', '', 2300, 334, '185.11.29.149', 0, 0, '2019-01-12 13:32:59', 'no', 1),
(155, '', 'Самовывоз', '', '', '', 5000, 335, '185.11.29.149', 0, 0, '2019-01-12 13:32:59', 'no', 2),
(156, '', 'Самовывоз', '', '', '', 2300, 334, '185.11.29.149', 0, 0, '2019-01-12 13:33:00', 'no', 1),
(157, '', 'Самовывоз', '', '', '', 5000, 335, '185.11.29.149', 0, 0, '2019-01-12 13:33:00', 'no', 2),
(158, '', 'Самовывоз', '', '', '', 2300, 334, '185.11.29.149', 0, 0, '2019-01-12 13:33:01', 'no', 1),
(159, '', 'Самовывоз', '', '', '', 5000, 335, '185.11.29.149', 0, 0, '2019-01-12 13:33:01', 'no', 2),
(160, '', 'Самовывоз', '', '', '', 2300, 334, 'undefined', 0, 0, '2019-01-12 14:51:59', 'no', 1),
(161, '', 'Самовывоз', '', '', '', 5000, 335, 'undefined', 0, 0, '2019-01-12 14:51:59', 'no', 2),
(162, '', 'Самовывоз', '', '', '', 2300, 334, 'undefined', 0, 0, '2019-01-12 14:53:09', 'no', 1),
(163, '', 'Самовывоз', '', '', '', 5000, 335, 'undefined', 0, 0, '2019-01-12 14:53:09', 'no', 2),
(164, '', 'Самовывоз', '', '', '', 2300, 334, 'undefined', 0, 0, '2019-01-12 15:15:55', 'no', 1),
(165, '', 'Самовывоз', '', '', '', 5000, 335, 'undefined', 0, 0, '2019-01-12 15:15:55', 'no', 2),
(166, '', 'Самовывоз', '', '', '', 0, 379, 'undefined', 0, 0, '2019-01-12 15:15:55', 'no', 1),
(167, '', 'Самовывоз', '', '', '', 120, 381, 'undefined', 0, 0, '2019-01-12 15:15:55', 'no', 1),
(168, 'petro', 'Самовывоз', '', '', '', 2300, 334, 'undefined', 0, 0, '2019-01-12 15:17:45', 'no', 1),
(169, 'petro', 'Самовывоз', '', '', '', 5000, 335, 'undefined', 0, 0, '2019-01-12 15:17:45', 'no', 2),
(170, 'petro', 'Самовывоз', '', '', '', 0, 379, 'undefined', 0, 0, '2019-01-12 15:17:45', 'no', 1),
(171, 'petro', 'Самовывоз', '', '', '', 120, 381, 'undefined', 0, 0, '2019-01-12 15:17:45', 'no', 1),
(172, '', 'Самовывоз', '', '', '', 2300, 334, 'undefined', 0, 0, '2019-01-12 15:20:53', 'no', 1),
(173, '', 'Самовывоз', '', '', '', 5000, 335, 'undefined', 0, 0, '2019-01-12 15:20:53', 'no', 2),
(174, '', 'Самовывоз', '', '', '', 0, 379, 'undefined', 0, 0, '2019-01-12 15:20:53', 'no', 1),
(175, '', 'Самовывоз', '', '', '', 120, 381, 'undefined', 0, 0, '2019-01-12 15:20:53', 'no', 1),
(176, 'nikita', 'Курьером', '', '', '', 2300, 334, '185.11.29.149', 0, 0, '2019-01-12 15:21:20', 'no', 1),
(177, 'nikita', 'Курьером', '', '', '', 5000, 335, '185.11.29.149', 0, 0, '2019-01-12 15:21:20', 'no', 2),
(178, 'nikita', 'Курьером', '', '', '', 0, 379, '185.11.29.149', 0, 0, '2019-01-12 15:21:20', 'yes', 1),
(179, 'анисимов ', 'Курьером', 'anisimov@gmail.com', '23451345', 'moskva 234', 14000, 336, '185.11.29.181', 0, 0, '2019-01-17 19:31:41', 'no', 2),
(180, 'анисимов ', 'Курьером', 'anisimov@gmail.com', '23451345', 'moskva 234', 900, 430, '185.11.29.181', 0, 0, '2019-01-17 19:31:41', 'no', 3),
(181, 'анисимов ', 'Курьером', 'anisimov@gmail.com', '23451345', 'moskva 234', 2500, 335, '185.11.29.181', 0, 0, '2019-01-17 19:31:41', 'no', 1);

-- --------------------------------------------------------

--
-- Структура таблицы `posts`
--

CREATE TABLE `posts` (
  `id` int(11) NOT NULL,
  `post` varchar(255) NOT NULL,
  `post_id` int(11) NOT NULL
) ENGINE=InnoDB DEFAULT CHARSET=utf8;

--
-- Дамп данных таблицы `posts`
--

INSERT INTO `posts` (`id`, `post`, `post_id`) VALUES
(1, 'генеральный директор', 0),
(2, 'Финансовый директор', 1),
(3, 'Начальник производственного отдела', 1),
(4, 'Директор по маркетингу', 1),
(5, 'Начальник отдела кадров', 1),
(6, 'ИТ-отдел', 1),
(7, 'Главный бухгалтер', 2),
(8, 'Инженер-технолог', 3),
(9, 'Заведующий складом', 3),
(10, 'PR-менеджер', 4),
(11, 'Маркетолог', 4),
(12, 'Менеджер по управлению персоналом', 5),
(13, 'Системный администратор', 6),
(14, 'Кассир', 7),
(15, 'Дизайнер-конструктор', 3),
(16, 'Секретарь', 14),
(17, 'Швеи', 15),
(18, 'Водитель', 9),
(19, 'Уборщица', 9),
(20, 'Специалист по сбыту', 11),
(21, 'Специалист по снабжению', 11),
(22, 'Специалист по сетевому обеспечению', 13),
(23, 'Программист', 13);

-- --------------------------------------------------------

--
-- Структура таблицы `products`
--

CREATE TABLE `products` (
  `id` int(11) NOT NULL,
  `name` varchar(255) NOT NULL,
  `department_id` int(11) NOT NULL,
  `price` float NOT NULL,
  `discount` enum('1','0') NOT NULL,
  `popular` enum('1','0') NOT NULL,
  `new_product` enum('1','0') NOT NULL,
  `special_offer` enum('1','0') NOT NULL,
  `promotion` int(11) NOT NULL,
  `photo` varchar(255) NOT NULL,
  `quantity` int(11) NOT NULL,
  `big_description` text NOT NULL,
  `adding_info` text NOT NULL,
  `brand` varchar(255) NOT NULL,
  `colour` varchar(255) NOT NULL
) ENGINE=InnoDB DEFAULT CHARSET=utf8;

--
-- Дамп данных таблицы `products`
--

INSERT INTO `products` (`id`, `name`, `department_id`, `price`, `discount`, `popular`, `new_product`, `special_offer`, `promotion`, `photo`, `quantity`, `big_description`, `adding_info`, `brand`, `colour`) VALUES
(1, 'MP3-плеер Slim Mix розовый', 15, 800, '1', '0', '1', '1', 0, '2.jpg', 24, '<ol><li>fdgfdujkmuj</li><li><br></li></ol><table class=\"table table-bordered\"><tbody><tr><td><br></td><td><br></td></tr><tr><td><br></td><td><br></td></tr><tr><td><br></td><td><br></td></tr><tr><td><br></td><td><br></td></tr></tbody></table><ol><li><br></li></ol>', 'zdg', 'Slim', 'pink'),
(2, 'MP3-плеер Slim Mix розовый', 15, 900, '1', '0', '1', '1', 0, '7.jpg', 23, 'fdgfd', 'zdg', 'Slim', 'pink'),
(4, 'Планшет Prestigio Grace 3157 7 3G 8Gb Black', 15, 1899, '0', '0', '1', '0', 2, '4.jpg', 342, 'Портативный планшет Assistant AP-727G с операционной системой Android 7.0 Nougat, поддерживает 2 Sim-карты, имеет слот для карты памяти на 32 Гб. Планшет выполнен с эргономичным пластиковым корпусом.', '<table>\r\n<tr>\r\n<td>Страна производитель</td>\r\n<td>Китай</td>\r\n</tr>\r\n<tr>\r\n<td>Бренд</td>\r\n<td>Assistant</td>\r\n</tr>\r\n<tr>\r\n<td>Беспроводные коммуникации</td>\r\n<td>Wi-Fi</td>\r\n</tr>\r\n<tr>\r\n<td>Разъемы</td>\r\n<td>3.5 мм</td>\r\n</tr>\r\n<tr>\r\n<td>Тыловая камера Мп</td>\r\n<td>2 Мп</td>\r\n</tr>\r\n<tr>\r\n<td>ТФронтальная камера Мп</td>\r\n<td>0,3 Мп</td>\r\n</tr>\r\n<tr>\r\n<td>Встроенная память Гб</td>\r\n<td>8 Гб</td>\r\n</tr>\r\n<tr>\r\n<td>	 	 	  	 	 	 Диагональ</td>\r\n<td>7 \"</td>\r\n</tr>\r\n<tr>\r\n<td>	 	 	  	 	 	 Разрешение экрана</td>\r\n<td>1024x600 </td>\r\n</tr>\r\n<tr>\r\n<td>	 	 	  	 	 	 Оперативная память</td>\r\n<td>1 Гб</td>\r\n</tr>\r\n<tr>\r\n<td>	 	 	  	 	 	 Цвет</td>\r\n<td>Черный </td>\r\n</tr>\r\n<tr>\r\n<td>	 	 	  	 	 	 Операционные системы</td>\r\n<td>Android 7.0 Nougat</td>\r\n</tr>\r\n<tr>\r\n<td>	 	 	  	 	 	 Материал</td>\r\n<td>Пластик </td>\r\n</tr>\r\n<tr>\r\n<td>	 	 	  	 	 	 Гарантия</td>\r\n<td>12 месяцев </td>\r\n</tr>\r\n</table>', 'Prestigio', 'black'),
(5, 'Планшет Assistant AP-757G, черный', 15, 1949, '1', '1', '0', '0', 0, '19.jpg', 345, 'Портативный планшет Assistant AP-727G с операционной системой Android 7.0 Nougat, поддерживает 2 Sim-карты, имеет слот для карты памяти на 32 Гб. Планшет выполнен с эргономичным пластиковым корпусом.', '<table>\n<tbody><tr>\n<td>Страна производитель</td>\n<td>Китай</td>\n</tr>\n<tr>\n<td>Бренд</td>\n<td>Assistant</td>\n</tr>\n<tr>\n<td>Беспроводные коммуникации</td>\n<td>Wi-Fi</td>\n</tr>\n<tr>\n<td>Разъемы</td>\n<td>3.5 мм</td>\n</tr>\n<tr>\n<td>Тыловая камера Мп</td>\n<td>2 Мп</td>\n</tr>\n<tr>\n<td>ТФронтальная камера Мп</td>\n<td>0,3 Мп</td>\n</tr>\n<tr>\n<td>Встроенная память Гб</td>\n<td>8 Гб</td>\n</tr>\n<tr>\n<td>	 	 	  	 	 	 Диагональ</td>\n<td>7 \"</td>\n</tr>\n<tr>\n<td>	 	 	  	 	 	 Разрешение экрана</td>\n<td>1024x600 </td>\n</tr>\n<tr>\n<td>	 	 	  	 	 	 Оперативная память</td>\n<td>1 Гб</td>\n</tr>\n<tr>\n<td>	 	 	  	 	 	 Цвет</td>\n<td>Черный </td>\n</tr>\n<tr>\n<td>	 	 	  	 	 	 Операционные системы</td>\n<td>Android 7.0 Nougat</td>\n</tr>\n<tr>\n<td>	 	 	  	 	 	 Материал</td>\n<td>Пластик </td>\n</tr>\n<tr>\n<td>	 	 	  	 	 	 Гарантия</td>\n<td>12 месяцев </td>\n</tr>\n</tbody></table>', 'Assistant', 'black'),
(6, 'Планшет Assistant AP-757G, золотой', 15, 3240, '0', '0', '0', '1', 1, '18.png', 34, 'Портативный планшет Assistant AP-727G с операционной системой Android 7.0 Nougat, поддерживает 2 Sim-карты, имеет слот для карты памяти на 32 Гб. Планшет выполнен с эргономичным пластиковым корпусом.', '<table>\n<tbody><tr>\n<td>Страна производитель</td>\n<td>Китай</td>\n</tr>\n<tr>\n<td>Бренд</td>\n<td>Assistant</td>\n</tr>\n<tr>\n<td>Беспроводные коммуникации</td>\n<td>Wi-Fi</td>\n</tr>\n<tr>\n<td>Разъемы</td>\n<td>3.5 мм</td>\n</tr>\n<tr>\n<td>Тыловая камера Мп</td>\n<td>2 Мп</td>\n</tr>\n<tr>\n<td>ТФронтальная камера Мп</td>\n<td>0,3 Мп</td>\n</tr>\n<tr>\n<td>Встроенная память Гб</td>\n<td>8 Гб</td>\n</tr>\n<tr>\n<td>	 	 	  	 	 	 Диагональ</td>\n<td>7 \"</td>\n</tr>\n<tr>\n<td>	 	 	  	 	 	 Разрешение экрана</td>\n<td>1024x600 </td>\n</tr>\n<tr>\n<td>	 	 	  	 	 	 Оперативная память</td>\n<td>1 Гб</td>\n</tr>\n<tr>\n<td>	 	 	  	 	 	 Цвет</td>\n<td>Черный </td>\n</tr>\n<tr>\n<td>	 	 	  	 	 	 Операционные системы</td>\n<td>Android 7.0 Nougat</td>\n</tr>\n<tr>\n<td>	 	 	  	 	 	 Материал</td>\n<td>Пластик </td>\n</tr>\n<tr>\n<td>	 	 	  	 	 	 Гарантия</td>\n<td>12 месяцев </td>\n</tr>\n</tbody></table>', 'Assistant', 'gold'),
(7, 'Планшет Bravis NB754 3G Black', 15, 2359, '0', '1', '1', '0', 4, '17.jpg', 34, 'Портативный планшет Assistant AP-727G с операционной системой Android 7.0 Nougat, поддерживает 2 Sim-карты, имеет слот для карты памяти на 32 Гб. Планшет выполнен с эргономичным пластиковым корпусом.', '<table>\n<tbody><tr>\n<td>Страна производитель</td>\n<td>Китай</td>\n</tr>\n<tr>\n<td>Бренд</td>\n<td>Assistant</td>\n</tr>\n<tr>\n<td>Беспроводные коммуникации</td>\n<td>Wi-Fi</td>\n</tr>\n<tr>\n<td>Разъемы</td>\n<td>3.5 мм</td>\n</tr>\n<tr>\n<td>Тыловая камера Мп</td>\n<td>2 Мп</td>\n</tr>\n<tr>\n<td>ТФронтальная камера Мп</td>\n<td>0,3 Мп</td>\n</tr>\n<tr>\n<td>Встроенная память Гб</td>\n<td>8 Гб</td>\n</tr>\n<tr>\n<td>	 	 	  	 	 	 Диагональ</td>\n<td>7 \"</td>\n</tr>\n<tr>\n<td>	 	 	  	 	 	 Разрешение экрана</td>\n<td>1024x600 </td>\n</tr>\n<tr>\n<td>	 	 	  	 	 	 Оперативная память</td>\n<td>1 Гб</td>\n</tr>\n<tr>\n<td>	 	 	  	 	 	 Цвет</td>\n<td>Черный </td>\n</tr>\n<tr>\n<td>	 	 	  	 	 	 Операционные системы</td>\n<td>Android 7.0 Nougat</td>\n</tr>\n<tr>\n<td>	 	 	  	 	 	 Материал</td>\n<td>Пластик </td>\n</tr>\n<tr>\n<td>	 	 	  	 	 	 Гарантия</td>\n<td>12 месяцев </td>\n</tr>\n</tbody></table>', 'Bravis', 'black'),
(8, 'Планшет Bravis NB754 3G White ', 15, 4119, '1', '1', '0', '0', 2, '8.jpg', 23, 'Портативный планшет Assistant AP-727G с операционной системой Android 7.0 Nougat, поддерживает 2 Sim-карты, имеет слот для карты памяти на 32 Гб. Планшет выполнен с эргономичным пластиковым корпусом.', '<table>\r\n<tr>\r\n<td>Страна производитель</td>\r\n<td>Китай</td>\r\n</tr>\r\n<tr>\r\n<td>Бренд</td>\r\n<td>Assistant</td>\r\n</tr>\r\n<tr>\r\n<td>Беспроводные коммуникации</td>\r\n<td>Wi-Fi</td>\r\n</tr>\r\n<tr>\r\n<td>Разъемы</td>\r\n<td>3.5 мм</td>\r\n</tr>\r\n<tr>\r\n<td>Тыловая камера Мп</td>\r\n<td>2 Мп</td>\r\n</tr>\r\n<tr>\r\n<td>ТФронтальная камера Мп</td>\r\n<td>0,3 Мп</td>\r\n</tr>\r\n<tr>\r\n<td>Встроенная память Гб</td>\r\n<td>8 Гб</td>\r\n</tr>\r\n<tr>\r\n<td>	 	 	  	 	 	 Диагональ</td>\r\n<td>7 \"</td>\r\n</tr>\r\n<tr>\r\n<td>	 	 	  	 	 	 Разрешение экрана</td>\r\n<td>1024x600 </td>\r\n</tr>\r\n<tr>\r\n<td>	 	 	  	 	 	 Оперативная память</td>\r\n<td>1 Гб</td>\r\n</tr>\r\n<tr>\r\n<td>	 	 	  	 	 	 Цвет</td>\r\n<td>Черный </td>\r\n</tr>\r\n<tr>\r\n<td>	 	 	  	 	 	 Операционные системы</td>\r\n<td>Android 7.0 Nougat</td>\r\n</tr>\r\n<tr>\r\n<td>	 	 	  	 	 	 Материал</td>\r\n<td>Пластик </td>\r\n</tr>\r\n<tr>\r\n<td>	 	 	  	 	 	 Гарантия</td>\r\n<td>12 месяцев </td>\r\n</tr>\r\n</table>', 'Bravis', 'white'),
(9, 'Планшет Prestigio MultiPad UEPMT3708K', 15, 2399, '1', '1', '0', '0', 0, '20.jpg', 54, 'Портативный планшет Assistant AP-727G с операционной системой Android 7.0 Nougat, поддерживает 2 Sim-карты, имеет слот для карты памяти на 32 Гб. Планшет выполнен с эргономичным пластиковым корпусом.', '<table>\n<tbody><tr>\n<td>Страна производитель</td>\n<td>Китай</td>\n</tr>\n<tr>\n<td>Бренд</td>\n<td>Assistant</td>\n</tr>\n<tr>\n<td>Беспроводные коммуникации</td>\n<td>Wi-Fi</td>\n</tr>\n<tr>\n<td>Разъемы</td>\n<td>3.5 мм</td>\n</tr>\n<tr>\n<td>Тыловая камера Мп</td>\n<td>2 Мп</td>\n</tr>\n<tr>\n<td>ТФронтальная камера Мп</td>\n<td>0,3 Мп</td>\n</tr>\n<tr>\n<td>Встроенная память Гб</td>\n<td>8 Гб</td>\n</tr>\n<tr>\n<td>	 	 	  	 	 	 Диагональ</td>\n<td>7 \"</td>\n</tr>\n<tr>\n<td>	 	 	  	 	 	 Разрешение экрана</td>\n<td>1024x600 </td>\n</tr>\n<tr>\n<td>	 	 	  	 	 	 Оперативная память</td>\n<td>1 Гб</td>\n</tr>\n<tr>\n<td>	 	 	  	 	 	 Цвет</td>\n<td>Черный </td>\n</tr>\n<tr>\n<td>	 	 	  	 	 	 Операционные системы</td>\n<td>Android 7.0 Nougat</td>\n</tr>\n<tr>\n<td>	 	 	  	 	 	 Материал</td>\n<td>Пластик </td>\n</tr>\n<tr>\n<td>	 	 	  	 	 	 Гарантия</td>\n<td>12 месяцев </td>\n</tr>\n</tbody></table>', 'Prestigio', 'blue'),
(10, 'Планшет Huawei MediaPad T3 7 3G 8GB Gold  ', 15, 2499, '0', '0', '0', '1', 2, '10.jpg', 23, 'Портативный планшет Assistant AP-727G с операционной системой Android 7.0 Nougat, поддерживает 2 Sim-карты, имеет слот для карты памяти на 32 Гб. Планшет выполнен с эргономичным пластиковым корпусом.', '<table>\r\n<tr>\r\n<td>Страна производитель</td>\r\n<td>Китай</td>\r\n</tr>\r\n<tr>\r\n<td>Бренд</td>\r\n<td>Assistant</td>\r\n</tr>\r\n<tr>\r\n<td>Беспроводные коммуникации</td>\r\n<td>Wi-Fi</td>\r\n</tr>\r\n<tr>\r\n<td>Разъемы</td>\r\n<td>3.5 мм</td>\r\n</tr>\r\n<tr>\r\n<td>Тыловая камера Мп</td>\r\n<td>2 Мп</td>\r\n</tr>\r\n<tr>\r\n<td>ТФронтальная камера Мп</td>\r\n<td>0,3 Мп</td>\r\n</tr>\r\n<tr>\r\n<td>Встроенная память Гб</td>\r\n<td>8 Гб</td>\r\n</tr>\r\n<tr>\r\n<td>	 	 	  	 	 	 Диагональ</td>\r\n<td>7 \"</td>\r\n</tr>\r\n<tr>\r\n<td>	 	 	  	 	 	 Разрешение экрана</td>\r\n<td>1024x600 </td>\r\n</tr>\r\n<tr>\r\n<td>	 	 	  	 	 	 Оперативная память</td>\r\n<td>1 Гб</td>\r\n</tr>\r\n<tr>\r\n<td>	 	 	  	 	 	 Цвет</td>\r\n<td>Черный </td>\r\n</tr>\r\n<tr>\r\n<td>	 	 	  	 	 	 Операционные системы</td>\r\n<td>Android 7.0 Nougat</td>\r\n</tr>\r\n<tr>\r\n<td>	 	 	  	 	 	 Материал</td>\r\n<td>Пластик </td>\r\n</tr>\r\n<tr>\r\n<td>	 	 	  	 	 	 Гарантия</td>\r\n<td>12 месяцев </td>\r\n</tr>\r\n</table>', 'Huawei', 'gold'),
(295, 'Чайник заварочный Lamart LT7026 стеклянный 1,1л', 2, 100, '1', '0', '1', '0', 0, '2.jpg', 2, 'dfgtsgwsf', '<p><br></p><table class=\"table table-bordered\"><tbody><tr><td>Наличие фильтра<br></td><td>есть<br></td></tr><tr><td>Объём, л<br></td><td>1.1<br></td></tr><tr><td>Цвет<br></td><td>желтый</td></tr></tbody></table><p><br></p>', 'Lamart', 'желтый'),
(297, 'Чайник заварочный', 2, 789, '0', '1', '1', '0', 0, '3.jpg', 2, 'dfa', '', 'Akila', 'желтый'),
(298, 'Термос Tramp TRC-028', 2, 720, '1', '1', '1', '0', 0, '10.jpg', 2, 'sadasd', '<p><br></p><table class=\"table table-bordered\"><tbody><tr><td>Наличие фильтра<br></td><td>есть<br></td></tr><tr><td>Объём, л<br></td><td>1.1<br></td></tr><tr><td>Цвет<br></td><td>желтый</td></tr></tbody></table><p><br></p>', 'Tramp', 'фиолетовый'),
(299, 'Кастрюля Maestro MR-3511-18', 2, 331, '1', '0', '0', '0', 1, '4.jpg', 1, '', '<p>dfg</p>', 'Maestro ', 'серый'),
(300, 'Кастрюля Биол К502П', 2, 572, '0', '0', '0', '0', 0, '5.jpg', 1, '<span style=\"color: rgb(34, 34, 34); font-family: Arial, sans-serif; font-weight: 400;\">Супер легкая и долговечная кастрюля Биол К502П позволит быстро и качественно приготовить кашу, сварить фрукты и некислые овощи, а вода в такой кастрюле закипает в два раза быстрее. Обо всем этом позаботится практичный и надежный алюминиевый корпус. В Биол К502П ваша еда никогда не пригорит, благодаря утолщенному дну с двойным антипригарным покрытием. К тому же вас приятно удивит практичность алюминиевой крышки Биол К502П, которую можно использовать как сковородку.</span>', '', 'Биол ', 'черный'),
(301, 'Кастрюля BergHOFF Bistro 1100090', 2, 628, '0', '0', '1', '0', 0, '6.jpg', 7, '<p><span style=\"color: rgb(34, 34, 34); font-family: Arial, sans-serif; font-weight: 400;\">Кастрюля; диаметр: 16 см; объём: 1,3 л; крышка: термостойкое стекло с отверстием для выхода пара</span><br></p>', '', 'BergHOFF ', 'серый'),
(302, 'Комплект постельного белья Вилюта Ранфорс платинум 5866 двуспальный', 4, 355, '0', '0', '0', '0', 0, '1.jpg', 3, '<p><span style=\"color: rgb(34, 34, 34); font-family: Arial, sans-serif; font-weight: 400;\">двуспальный комплект; материал: 100% хлопок (ранфорс); пододеяльник: 1 - 175х210; простынь: 1 - 180х214; наволочка: 2 - 70х70; основной цвет: бежевый</span><br></p>', '', 'Вилюта Ранфорс', 'бежевый'),
(303, 'JYSK Комплект білизни 2од CATERINA 1,5', 4, 200, '0', '0', '0', '0', 0, '2.jpg', 5, '<p><span style=\"color: rgb(34, 34, 34); font-family: Arial, sans-serif; font-weight: 400;\">полуторный комплект; материал: микрофибра</span><br></p>', '', 'CATERINA ', 'серый'),
(304, 'Барный стул Art Metal Furniture(AMF) Маркос', 3, 509, '0', '0', '0', '0', 0, '1.jpg', 3, '<p><span style=\"color: rgb(34, 34, 34); font-family: Arial, sans-serif; font-weight: 400;\">Барный стул; размер (ШxГxВ): 41x41x80 см; материал каркаса: металл; материал сидения: кожзам; цвет: хром</span><br></p>', '', 'Маркос', 'хром'),
(305, 'Барный стул Art Metal Furniture(AMF) Венсан FT-902А черный', 3, 1519, '0', '0', '0', '0', 0, '2.jpg', 4, '<p><span style=\"color: rgb(34, 34, 34); font-family: Arial, sans-serif; font-weight: 400;\">Барный стул; размер (ШxГxВ): 43х48х87/107 см; материал каркаса: металл; материал сидения: кожзаменитель; цвет: черный/хром</span><br></p>', '', 'Венсан', 'черный'),
(307, 'phone', 15, 100, '0', '0', '0', '0', 0, '21.jpg', 12, '<p>аааааааааааааааааааааааа</p>', 'sadsad', 'asd', 'asd'),
(308, 'Корзина для грызунов', 28, 300, '0', '0', '0', '0', 0, '1.jpg', 3, '<p>sdff</p>', '', 'Holsa', 'фиолетовый'),
(309, 'Аккумуляторный шуруповерт Протон ДА-2/12 Li-2', 23, 1134, '0', '0', '0', '0', 0, '1.JPG', 4, '<h3 style=\"box-sizing: inherit; margin: 1.5em 0px 0.5em; padding: 0px; outline: 0px; font-variant-numeric: inherit; font-variant-east-asian: inherit; font-weight: inherit; font-stretch: inherit; font-size: 1.4em; font-family: Arial, sans-serif; vertical-align: baseline; background-image: initial; background-position: 0px 0px; background-size: initial; background-repeat: initial; background-attachment: initial; background-origin: initial; background-clip: initial; color: rgb(102, 102, 102);\">Комплектация:</h3><p style=\"box-sizing: inherit; margin-bottom: 0.6em; padding: 0px; outline: 0px; font-variant-numeric: inherit; font-variant-east-asian: inherit; font-stretch: inherit; line-height: inherit; font-family: Arial, sans-serif; vertical-align: baseline; background-image: initial; background-position: 0px 0px; background-size: initial; background-repeat: initial; background-attachment: initial; background-origin: initial; background-clip: initial; color: rgb(102, 102, 102);\">Дрель-шуруповерт<br style=\"box-sizing: inherit;\">Аккумуляторная батарея 2 шт.<br style=\"box-sizing: inherit;\">Пластиковый кейс<br style=\"box-sizing: inherit;\">Зарядное устройство<br style=\"box-sizing: inherit;\">Инструкция по эксплуатации<br style=\"box-sizing: inherit;\">Гарантийный талон<br style=\"box-sizing: inherit;\">Фирменная картонная накладка</p>', '<table class=\"features\" id=\"product-features\" style=\"box-sizing: inherit; margin: 0px 0px 0.6em; padding: 0px; outline: 0px; font-variant-numeric: inherit; font-variant-east-asian: inherit; font-stretch: inherit; line-height: inherit; font-family: Arial, sans-serif; vertical-align: baseline; background: 0px 0px rgb(255, 255, 255); border-color: rgb(0, 0, 0); color: rgb(102, 102, 102);\"><tbody style=\"box-sizing: inherit; margin: 0px; padding: 0px; outline: 0px; font: inherit; vertical-align: baseline; background: 0px 0px;\"><tr style=\"box-sizing: inherit; margin: 0px; padding: 0px; outline: 0px; font: inherit; vertical-align: baseline; background: 0px 0px; break-inside: avoid;\"><td class=\"name\" style=\"box-sizing: inherit; margin: 0px; padding: 0.2em 0.5em; outline: 0px; font: inherit; vertical-align: baseline; background: 0px 0px;\">Номинальное напряжение</td><td class=\"value\" itemprop=\"nominalnoe_napryazhenie\" style=\"box-sizing: inherit; margin: 0px; padding: 0.2em 0.5em; outline: 0px; font: inherit; vertical-align: baseline; background: 0px 0px;\">12 В</td></tr><tr style=\"box-sizing: inherit; margin: 0px; padding: 0px; outline: 0px; font: inherit; vertical-align: baseline; background: 0px 0px; break-inside: avoid;\"><td class=\"name\" style=\"box-sizing: inherit; margin: 0px; padding: 0.2em 0.5em; outline: 0px; font: inherit; vertical-align: baseline; background: 0px 0px;\">Крутящий момент</td><td class=\"value\" itemprop=\"krutyashchiy_moment\" style=\"box-sizing: inherit; margin: 0px; padding: 0.2em 0.5em; outline: 0px; font: inherit; vertical-align: baseline; background: 0px 0px;\">25 Нм</td></tr><tr style=\"box-sizing: inherit; margin: 0px; padding: 0px; outline: 0px; font: inherit; vertical-align: baseline; background: 0px 0px; break-inside: avoid;\"><td class=\"name\" style=\"box-sizing: inherit; margin: 0px; padding: 0.2em 0.5em; outline: 0px; font: inherit; vertical-align: baseline; background: 0px 0px;\">Редуктор</td><td class=\"value\" itemprop=\"dvukhskorostnoy_reduktor\" style=\"box-sizing: inherit; margin: 0px; padding: 0.2em 0.5em; outline: 0px; font: inherit; vertical-align: baseline; background: 0px 0px;\">двухскоростной</td></tr><tr style=\"box-sizing: inherit; margin: 0px; padding: 0px; outline: 0px; font: inherit; vertical-align: baseline; background: 0px 0px; break-inside: avoid;\"><td class=\"name\" style=\"box-sizing: inherit; margin: 0px; padding: 0.2em 0.5em; outline: 0px; font: inherit; vertical-align: baseline; background: 0px 0px;\">Тип аккумулятора</td><td class=\"value\" itemprop=\"tip_akkumulyatora\" style=\"box-sizing: inherit; margin: 0px; padding: 0.2em 0.5em; outline: 0px; font: inherit; vertical-align: baseline; background: 0px 0px;\">Li-Ion</td></tr><tr style=\"box-sizing: inherit; margin: 0px; padding: 0px; outline: 0px; font: inherit; vertical-align: baseline; background: 0px 0px; break-inside: avoid;\"><td class=\"name\" style=\"box-sizing: inherit; margin: 0px; padding: 0.2em 0.5em; outline: 0px; font: inherit; vertical-align: baseline; background: 0px 0px;\">Емкость аккумулятора</td><td class=\"value\" itemprop=\"yemkost_akkumulyatora\" style=\"box-sizing: inherit; margin: 0px; padding: 0.2em 0.5em; outline: 0px; font: inherit; vertical-align: baseline; background: 0px 0px;\">2000 мАч</td></tr><tr style=\"box-sizing: inherit; margin: 0px; padding: 0px; outline: 0px; font: inherit; vertical-align: baseline; background: 0px 0px; break-inside: avoid;\"><td class=\"name\" style=\"box-sizing: inherit; margin: 0px; padding: 0.2em 0.5em; outline: 0px; font: inherit; vertical-align: baseline; background: 0px 0px;\">Время зарядки аккумулятора</td><td class=\"value\" itemprop=\"vremya_zaryadki_akkumulyatora\" style=\"box-sizing: inherit; margin: 0px; padding: 0.2em 0.5em; outline: 0px; font: inherit; vertical-align: baseline; background: 0px 0px;\">60 минут</td></tr><tr style=\"box-sizing: inherit; margin: 0px; padding: 0px; outline: 0px; font: inherit; vertical-align: baseline; background: 0px 0px; break-inside: avoid;\"><td class=\"name\" style=\"box-sizing: inherit; margin: 0px; padding: 0.2em 0.5em; outline: 0px; font: inherit; vertical-align: baseline; background: 0px 0px;\">Индикатор уровня заряда</td><td class=\"value\" itemprop=\"indikator_urovnya_zaryada\" style=\"box-sizing: inherit; margin: 0px; padding: 0.2em 0.5em; outline: 0px; font: inherit; vertical-align: baseline; background: 0px 0px;\">3 диода</td></tr><tr style=\"box-sizing: inherit; margin: 0px; padding: 0px; outline: 0px; font: inherit; vertical-align: baseline; background: 0px 0px; break-inside: avoid;\"><td class=\"name\" style=\"box-sizing: inherit; margin: 0px; padding: 0.2em 0.5em; outline: 0px; font: inherit; vertical-align: baseline; background: 0px 0px;\">Номинальное число оборотов в минуту</td><td class=\"value\" itemprop=\"nominalnoe_chislo_oborotov\" style=\"box-sizing: inherit; margin: 0px; padding: 0.2em 0.5em; outline: 0px; font: inherit; vertical-align: baseline; background: 0px 0px;\">(I скорость) 0-400<br style=\"box-sizing: inherit;\">(II скорость) 0-1350</td></tr><tr style=\"box-sizing: inherit; margin: 0px; padding: 0px; outline: 0px; font: inherit; vertical-align: baseline; background: 0px 0px; break-inside: avoid;\"><td class=\"name\" style=\"box-sizing: inherit; margin: 0px; padding: 0.2em 0.5em; outline: 0px; font: inherit; vertical-align: baseline; background: 0px 0px;\">Реверс</td><td class=\"value\" itemprop=\"revers\" style=\"box-sizing: inherit; margin: 0px; padding: 0.2em 0.5em; outline: 0px; font: inherit; vertical-align: baseline; background: 0px 0px;\">ползунок</td></tr><tr style=\"box-sizing: inherit; margin: 0px; padding: 0px; outline: 0px; font: inherit; vertical-align: baseline; background: 0px 0px; break-inside: avoid;\"><td class=\"name\" style=\"box-sizing: inherit; margin: 0px; padding: 0.2em 0.5em; outline: 0px; font: inherit; vertical-align: baseline; background: 0px 0px;\">Режимы ограничения крутящего момента</td><td class=\"value\" itemprop=\"rezhimy_ogranicheniya_krutyashchego_momenta\" style=\"box-sizing: inherit; margin: 0px; padding: 0.2em 0.5em; outline: 0px; font: inherit; vertical-align: baseline; background: 0px 0px;\">17 1</td></tr><tr style=\"box-sizing: inherit; margin: 0px; padding: 0px; outline: 0px; font: inherit; vertical-align: baseline; background: 0px 0px; break-inside: avoid;\"><td class=\"name\" style=\"box-sizing: inherit; margin: 0px; padding: 0.2em 0.5em; outline: 0px; font: inherit; vertical-align: baseline; background: 0px 0px;\">Количество АКБ в комплекте</td><td class=\"value\" itemprop=\"kolichestvo_akb_v_komplekte\" style=\"box-sizing: inherit; margin: 0px; padding: 0.2em 0.5em; outline: 0px; font: inherit; vertical-align: baseline; background: 0px 0px;\">2 шт.</td></tr><tr style=\"box-sizing: inherit; margin: 0px; padding: 0px; outline: 0px; font: inherit; vertical-align: baseline; background: 0px 0px; break-inside: avoid;\"><td class=\"name\" style=\"box-sizing: inherit; margin: 0px; padding: 0.2em 0.5em; outline: 0px; font: inherit; vertical-align: baseline; background: 0px 0px;\">Встроенный фонарь</td><td class=\"value\" itemprop=\"vstroennyy_led_fonar\" style=\"box-sizing: inherit; margin: 0px; padding: 0.2em 0.5em; outline: 0px; font: inherit; vertical-align: baseline; background: 0px 0px;\">LED</td></tr><tr style=\"box-sizing: inherit; margin: 0px; padding: 0px; outline: 0px; font: inherit; vertical-align: baseline; background: 0px 0px; break-inside: avoid;\"><td class=\"name\" style=\"box-sizing: inherit; margin: 0px; padding: 0.2em 0.5em; outline: 0px; font: inherit; vertical-align: baseline; background: 0px 0px;\">Диапазон зажима сверлильного патрона</td><td class=\"value\" itemprop=\"diapazon_zazhima_sverlilnogo_patrona\" style=\"box-sizing: inherit; margin: 0px; padding: 0.2em 0.5em; outline: 0px; font: inherit; vertical-align: baseline; background: 0px 0px;\">0,8 × 10 мм</td></tr><tr style=\"box-sizing: inherit; margin: 0px; padding: 0px; outline: 0px; font: inherit; vertical-align: baseline; background: 0px 0px; break-inside: avoid;\"><td class=\"name\" style=\"box-sizing: inherit; margin: 0px; padding: 0.2em 0.5em; outline: 0px; font: inherit; vertical-align: baseline; background: 0px 0px;\">Функции</td><td class=\"value\" itemprop=\"funktsii\" style=\"box-sizing: inherit; margin: 0px; padding: 0.2em 0.5em; outline: 0px; font: inherit; vertical-align: baseline; background: 0px 0px;\">Функция \"Тормоз выбега\" - автоматическая остановка вращения<br style=\"box-sizing: inherit;\">Функция \"Self-Lock\" - блокировка шпинделя инструмента</td></tr><tr style=\"box-sizing: inherit; margin: 0px; padding: 0px; outline: 0px; font: inherit; vertical-align: baseline; background: 0px 0px; break-inside: avoid;\"><td class=\"name\" style=\"box-sizing: inherit; margin: 0px; padding: 0.2em 0.5em; outline: 0px; font: inherit; vertical-align: baseline; background: 0px 0px;\">Конструкционные особенности</td><td class=\"value\" itemprop=\"konstruktsionnye_osobennosti\" style=\"box-sizing: inherit; margin: 0px; padding: 0.2em 0.5em; outline: 0px; font: inherit; vertical-align: baseline; background: 0px 0px;\">Подсветка рабочей зоны<br style=\"box-sizing: inherit;\">Индикатор заряда батареи<br style=\"box-sizing: inherit;\">Прорезиненная рукоятка<br style=\"box-sizing: inherit;\">Одномуфтовый зажимной патрон<br style=\"box-sizing: inherit;\">Металлические планетарная шестерня и сателлиты</td></tr><tr style=\"box-sizing: inherit; margin: 0px; padding: 0px; outline: 0px; font: inherit; vertical-align: baseline; background: 0px 0px; break-inside: avoid;\"><td class=\"name\" style=\"box-sizing: inherit; margin: 0px; padding: 0.2em 0.5em; outline: 0px; font: inherit; vertical-align: baseline; background: 0px 0px;\">Размер инструмента</td><td class=\"value\" itemprop=\"razmer_instrumenta\" style=\"box-sizing: inherit; margin: 0px; padding: 0.2em 0.5em; outline: 0px; font: inherit; vertical-align: baseline; background: 0px 0px;\">21 × 18,5 × 6,5 см</td></tr><tr style=\"box-sizing: inherit; margin: 0px; padding: 0px; outline: 0px; font: inherit; vertical-align: baseline; background: 0px 0px; break-inside: avoid;\"><td class=\"name\" style=\"box-sizing: inherit; margin: 0px; padding: 0.2em 0.5em; outline: 0px; font: inherit; vertical-align: baseline; background: 0px 0px;\">Вес</td><td class=\"value\" itemprop=\"ves\" style=\"box-sizing: inherit; margin: 0px; padding: 0.2em 0.5em; outline: 0px; font: inherit; vertical-align: baseline; background: 0px 0px;\">1 кг</td></tr><tr style=\"box-sizing: inherit; margin: 0px; padding: 0px; outline: 0px; font: inherit; vertical-align: baseline; background: 0px 0px; break-inside: avoid;\"><td class=\"name\" style=\"box-sizing: inherit; margin: 0px; padding: 0.2em 0.5em; outline: 0px; font: inherit; vertical-align: baseline; background: 0px 0px;\">Размеры упаковки</td><td class=\"value\" itemprop=\"razmery_upakovki\" style=\"box-sizing: inherit; margin: 0px; padding: 0.2em 0.5em; outline: 0px; font: inherit; vertical-align: baseline; background: 0px 0px;\">31 × 25 × 6,5 см</td></tr><tr style=\"box-sizing: inherit; margin: 0px; padding: 0px; outline: 0px; font: inherit; vertical-align: baseline; background: 0px 0px; break-inside: avoid;\"><td class=\"name\" style=\"box-sizing: inherit; margin: 0px; padding: 0.2em 0.5em; outline: 0px; font: inherit; vertical-align: baseline; background: 0px 0px;\">Вес брутто</td><td class=\"value\" itemprop=\"ves_brutto\" style=\"box-sizing: inherit; margin: 0px; padding: 0.2em 0.5em; outline: 0px; font: inherit; vertical-align: baseline; background: 0px 0px;\">2 кг</td></tr><tr style=\"box-sizing: inherit; margin: 0px; padding: 0px; outline: 0px; font: inherit; vertical-align: baseline; background: 0px 0px; break-inside: avoid;\"><td class=\"name\" style=\"box-sizing: inherit; margin: 0px; padding: 0.2em 0.5em; outline: 0px; font: inherit; vertical-align: baseline; background: 0px 0px;\">Гарантия производителя</td><td class=\"value\" itemprop=\"garantiya_proizvoditelya\" style=\"box-sizing: inherit; margin: 0px; padding: 0.2em 0.5em; outline: 0px; font: inherit; vertical-align: baseline; background: 0px 0px;\">12 месяцев</td></tr></tbody></table>', 'Протон ', 'зеленый'),
(310, 'Аккумуляторный шуруповерт Протон ДА-2/12 Li-2', 23, 1134, '0', '0', '0', '0', 0, '2.jpg', 4, '<h3 style=\"box-sizing: inherit; margin: 1.5em 0px 0.5em; padding: 0px; outline: 0px; font-variant-numeric: inherit; font-variant-east-asian: inherit; font-weight: inherit; font-stretch: inherit; font-size: 1.4em; font-family: Arial, sans-serif; vertical-align: baseline; background-image: initial; background-position: 0px 0px; background-size: initial; background-repeat: initial; background-attachment: initial; background-origin: initial; background-clip: initial; color: rgb(102, 102, 102);\">Комплектация:</h3><h3 style=\"box-sizing: inherit; margin: 1.5em 0px 0.5em; padding: 0px; outline: 0px; font-variant-numeric: inherit; font-variant-east-asian: inherit; font-weight: inherit; font-stretch: inherit; font-size: 1.4em; font-family: Arial, sans-serif; vertical-align: baseline; background-image: initial; background-position: 0px 0px; background-size: initial; background-repeat: initial; background-attachment: initial; background-origin: initial; background-clip: initial; color: rgb(102, 102, 102);\"><p style=\"box-sizing: inherit; margin-bottom: 0.6em; padding: 0px; outline: 0px; font-variant-numeric: inherit; font-variant-east-asian: inherit; font-stretch: inherit; font-size: 14px; line-height: inherit; vertical-align: baseline; background-image: initial; background-position: 0px 0px; background-size: initial; background-repeat: initial; background-attachment: initial; background-origin: initial; background-clip: initial; color: rgb(102, 102, 102);\">Паяльник<br style=\"box-sizing: inherit;\">Металлический кейс<br style=\"box-sizing: inherit;\">Насадки (20/25/32/40/50/63 мм)<br style=\"box-sizing: inherit;\">Подставка<br style=\"box-sizing: inherit;\">Крепежный болт 2шт.<br style=\"box-sizing: inherit;\">Отвертка / шестигранник<br style=\"box-sizing: inherit;\">Руководство пользователя<br style=\"box-sizing: inherit;\">Гарантийный талон</p></h3>', '<table class=\"features\" id=\"product-features\" style=\"box-sizing: inherit; margin: 0px 0px 0.6em; padding: 0px; outline: 0px; font-variant-numeric: inherit; font-variant-east-asian: inherit; font-stretch: inherit; line-height: inherit; font-family: Arial, sans-serif; vertical-align: baseline; background: 0px 0px rgb(255, 255, 255); border-color: rgb(0, 0, 0); color: rgb(102, 102, 102);\"><tbody style=\"box-sizing: inherit; margin: 0px; padding: 0px; outline: 0px; font: inherit; vertical-align: baseline; background: 0px 0px;\"><tr style=\"box-sizing: inherit; margin: 0px; padding: 0px; outline: 0px; font: inherit; vertical-align: baseline; background: 0px 0px; break-inside: avoid;\"><td class=\"name\" style=\"box-sizing: inherit; margin: 0px; padding: 0.2em 0.5em; outline: 0px; font: inherit; vertical-align: baseline; background: 0px 0px;\"><table class=\"features\" id=\"product-features\" style=\"box-sizing: inherit; margin: 0px 0px 0.6em; padding: 0px; outline: 0px; font-variant-numeric: inherit; font-variant-east-asian: inherit; font-stretch: inherit; line-height: inherit; vertical-align: baseline; background: 0px 0px rgb(255, 255, 255); border-color: rgb(0, 0, 0); color: rgb(102, 102, 102);\"><tbody style=\"box-sizing: inherit; margin: 0px; padding: 0px; outline: 0px; font: inherit; vertical-align: baseline; background: 0px 0px;\"><tr style=\"box-sizing: inherit; margin: 0px; padding: 0px; outline: 0px; font: inherit; vertical-align: baseline; background: 0px 0px; break-inside: avoid;\"><td class=\"name\" style=\"box-sizing: inherit; margin: 0px; padding: 0.2em 0.5em; outline: 0px; font: inherit; vertical-align: baseline; background: 0px 0px;\">Номинальная мощность</td><td class=\"value\" itemprop=\"nominalnaya_moshchnost\" style=\"box-sizing: inherit; margin: 0px; padding: 0.2em 0.5em; outline: 0px; font: inherit; vertical-align: baseline; background: 0px 0px;\">1200 Вт</td></tr><tr style=\"box-sizing: inherit; margin: 0px; padding: 0px; outline: 0px; font: inherit; vertical-align: baseline; background: 0px 0px; break-inside: avoid;\"><td class=\"name\" style=\"box-sizing: inherit; margin: 0px; padding: 0.2em 0.5em; outline: 0px; font: inherit; vertical-align: baseline; background: 0px 0px;\">Диаметр дорна</td><td class=\"value\" itemprop=\"diametr_dorna\" style=\"box-sizing: inherit; margin: 0px; padding: 0.2em 0.5em; outline: 0px; font: inherit; vertical-align: baseline; background: 0px 0px;\">20 / 25 / 32 / 40 / 50 / 63 мм</td></tr><tr style=\"box-sizing: inherit; margin: 0px; padding: 0px; outline: 0px; font: inherit; vertical-align: baseline; background: 0px 0px; break-inside: avoid;\"><td class=\"name\" style=\"box-sizing: inherit; margin: 0px; padding: 0.2em 0.5em; outline: 0px; font: inherit; vertical-align: baseline; background: 0px 0px;\">Температура нагрева соединения</td><td class=\"value\" itemprop=\"temperatura_nagreva_soedineniya\" style=\"box-sizing: inherit; margin: 0px; padding: 0.2em 0.5em; outline: 0px; font: inherit; vertical-align: baseline; background: 0px 0px;\">0-300 °С</td></tr><tr style=\"box-sizing: inherit; margin: 0px; padding: 0px; outline: 0px; font: inherit; vertical-align: baseline; background: 0px 0px; break-inside: avoid;\"><td class=\"name\" style=\"box-sizing: inherit; margin: 0px; padding: 0.2em 0.5em; outline: 0px; font: inherit; vertical-align: baseline; background: 0px 0px;\">Время нагрева</td><td class=\"value\" itemprop=\"vremya_nagreva\" style=\"box-sizing: inherit; margin: 0px; padding: 0.2em 0.5em; outline: 0px; font: inherit; vertical-align: baseline; background: 0px 0px;\">до 10 минут</td></tr></tbody></table><div class=\"tabs-box\" style=\"box-sizing: inherit; margin: 0px; padding: 0px; outline: 0px; font-variant-numeric: inherit; font-variant-east-asian: inherit; font-stretch: inherit; line-height: inherit; vertical-align: baseline; background-image: initial; background-position: 0px 0px; background-size: initial; background-repeat: initial; background-attachment: initial; background-origin: initial; background-clip: initial; color: rgb(102, 102, 102);\"><div class=\"features_obzor_block\" style=\"box-sizing: inherit; margin: 0px; padding: 0px; outline: 0px; font: inherit; vertical-align: baseline; background: 0px 0px;\"><table class=\"features\" id=\"product-features\" style=\"box-sizing: inherit; margin: 0px 0px 0.6em; padding: 0px; outline: 0px; font: inherit; vertical-align: baseline; background-image: initial; background-position: 0px 0px; background-size: initial; background-repeat: initial; background-attachment: initial; background-origin: initial; background-clip: initial; border-color: rgb(0, 0, 0);\"><tbody style=\"box-sizing: inherit; margin: 0px; padding: 0px; outline: 0px; font: inherit; vertical-align: baseline; background: 0px 0px;\"><tr style=\"box-sizing: inherit; margin: 0px; padding: 0px; outline: 0px; font: inherit; vertical-align: baseline; background: 0px 0px; break-inside: avoid;\"><td class=\"name\" style=\"box-sizing: inherit; margin: 0px; padding: 0.2em 0.5em; outline: 0px; font: inherit; vertical-align: baseline; background: 0px 0px;\">Номинальная мощность</td><td class=\"value\" itemprop=\"nominalnaya_moshchnost\" style=\"box-sizing: inherit; margin: 0px; padding: 0.2em 0.5em; outline: 0px; font: inherit; vertical-align: baseline; background: 0px 0px;\">1200 Вт</td></tr><tr style=\"box-sizing: inherit; margin: 0px; padding: 0px; outline: 0px; font: inherit; vertical-align: baseline; background: 0px 0px; break-inside: avoid;\"><td class=\"name\" style=\"box-sizing: inherit; margin: 0px; padding: 0.2em 0.5em; outline: 0px; font: inherit; vertical-align: baseline; background: 0px 0px;\">Диаметр дорна</td><td class=\"value\" itemprop=\"diametr_dorna\" style=\"box-sizing: inherit; margin: 0px; padding: 0.2em 0.5em; outline: 0px; font: inherit; vertical-align: baseline; background: 0px 0px;\">20 / 25 / 32 / 40 / 50 / 63 мм</td></tr><tr style=\"box-sizing: inherit; margin: 0px; padding: 0px; outline: 0px; font: inherit; vertical-align: baseline; background: 0px 0px; break-inside: avoid;\"><td class=\"name\" style=\"box-sizing: inherit; margin: 0px; padding: 0.2em 0.5em; outline: 0px; font: inherit; vertical-align: baseline; background: 0px 0px;\">Температура нагрева соединения</td><td class=\"value\" itemprop=\"temperatura_nagreva_soedineniya\" style=\"box-sizing: inherit; margin: 0px; padding: 0.2em 0.5em; outline: 0px; font: inherit; vertical-align: baseline; background: 0px 0px;\">0-300 °С</td></tr><tr style=\"box-sizing: inherit; margin: 0px; padding: 0px; outline: 0px; font: inherit; vertical-align: baseline; background: 0px 0px; break-inside: avoid;\"><td class=\"name\" style=\"box-sizing: inherit; margin: 0px; padding: 0.2em 0.5em; outline: 0px; font: inherit; vertical-align: baseline; background: 0px 0px;\">Время нагрева</td><td class=\"value\" itemprop=\"vremya_nagreva\" style=\"box-sizing: inherit; margin: 0px; padding: 0.2em 0.5em; outline: 0px; font: inherit; vertical-align: baseline; background: 0px 0px;\">до 10 минут</td></tr><tr style=\"box-sizing: inherit; margin: 0px; padding: 0px; outline: 0px; font: inherit; vertical-align: baseline; background: 0px 0px; break-inside: avoid;\"><td class=\"name\" style=\"box-sizing: inherit; margin: 0px; padding: 0.2em 0.5em; outline: 0px; font: inherit; vertical-align: baseline; background: 0px 0px;\">Покрытие насадок</td><td class=\"value\" itemprop=\"pokrytie_nasadok\" style=\"box-sizing: inherit; margin: 0px; padding: 0.2em 0.5em; outline: 0px; font: inherit; vertical-align: baseline; background: 0px 0px;\">тефлон</td></tr><tr style=\"box-sizing: inherit; margin: 0px; padding: 0px; outline: 0px; font: inherit; vertical-align: baseline; background: 0px 0px; break-inside: avoid;\"><td class=\"name\" style=\"box-sizing: inherit; margin: 0px; padding: 0.2em 0.5em; outline: 0px; font: inherit; vertical-align: baseline; background: 0px 0px;\">Фиксация насадок</td><td class=\"value\" itemprop=\"fiksatsiya_nasadok\" style=\"box-sizing: inherit; margin: 0px; padding: 0.2em 0.5em; outline: 0px; font: inherit; vertical-align: baseline; background: 0px 0px;\">три отверстия</td></tr><tr style=\"box-sizing: inherit; margin: 0px; padding: 0px; outline: 0px; font: inherit; vertical-align: baseline; background: 0px 0px; break-inside: avoid;\"><td class=\"name\" style=\"box-sizing: inherit; margin: 0px; padding: 0.2em 0.5em; outline: 0px; font: inherit; vertical-align: baseline; background: 0px 0px;\">Напряжение / Частота</td><td class=\"value\" itemprop=\"napryazhenie_chastota\" style=\"box-sizing: inherit; margin: 0px; padding: 0.2em 0.5em; outline: 0px; font: inherit; vertical-align: baseline; background: 0px 0px;\">220 В / 50 Гц</td></tr><tr style=\"box-sizing: inherit; margin: 0px; padding: 0px; outline: 0px; font: inherit; vertical-align: baseline; background: 0px 0px; break-inside: avoid;\"><td class=\"name\" style=\"box-sizing: inherit; margin: 0px; padding: 0.2em 0.5em; outline: 0px; font: inherit; vertical-align: baseline; background: 0px 0px;\">Вес</td><td class=\"value\" itemprop=\"ves\" style=\"box-sizing: inherit; margin: 0px; padding: 0.2em 0.5em; outline: 0px; font: inherit; vertical-align: baseline; background: 0px 0px;\">1.8 кг</td></tr><tr style=\"box-sizing: inherit; margin: 0px; padding: 0px; outline: 0px; font: inherit; vertical-align: baseline; background: 0px 0px; break-inside: avoid;\"><td class=\"name\" style=\"box-sizing: inherit; margin: 0px; padding: 0.2em 0.5em; outline: 0px; font: inherit; vertical-align: baseline; background: 0px 0px;\">Гарантия производителя</td><td class=\"value\" itemprop=\"garantiya_proizvoditelya\" style=\"box-sizing: inherit; margin: 0px; padding: 0.2em 0.5em; outline: 0px; font: inherit; vertical-align: baseline; background: 0px 0px;\">12 месяцев</td></tr></tbody></table></div></div></td><td class=\"value\" itemprop=\"nominalnoe_napryazhenie\" style=\"box-sizing: inherit; margin: 0px; padding: 0.2em 0.5em; outline: 0px; font: inherit; vertical-align: baseline; background: 0px 0px;\"></td></tr></tbody></table>', 'Протон ', 'зеленый'),
(311, 'Ножницы Berghoff 2003003', 18, 50, '0', '0', '0', '0', 0, '1.jpg', 4, '<p><span style=\"box-sizing: inherit; margin: 0px; padding: 0px; outline: 0px; font-variant-numeric: inherit; font-variant-east-asian: inherit; font-weight: 400; font-stretch: inherit; font-size: 12.6px; line-height: inherit; font-family: Arial, sans-serif; vertical-align: baseline; background-image: initial; background-position: 0px 0px; background-size: initial; background-repeat: initial; background-attachment: initial; background-origin: initial; background-clip: initial; color: rgb(102, 102, 102);\">Размер: 20,5 см</span><br style=\"box-sizing: inherit; color: rgb(102, 102, 102); font-family: Arial, sans-serif; font-size: 12.6px;\"><span style=\"box-sizing: inherit; margin: 0px; padding: 0px; outline: 0px; font-variant-numeric: inherit; font-variant-east-asian: inherit; font-weight: 400; font-stretch: inherit; font-size: 12.6px; line-height: inherit; font-family: Arial, sans-serif; vertical-align: baseline; background-image: initial; background-position: 0px 0px; background-size: initial; background-repeat: initial; background-attachment: initial; background-origin: initial; background-clip: initial; color: rgb(102, 102, 102);\">Материал: нержавеющая сталь</span><br></p>', '<p style=\"box-sizing: inherit; margin-bottom: 0.6em; padding: 0px; outline: 0px; font-variant-numeric: inherit; font-variant-east-asian: inherit; font-stretch: inherit; line-height: inherit; font-family: Arial, sans-serif; vertical-align: baseline; background-image: initial; background-position: 0px 0px; background-size: initial; background-repeat: initial; background-attachment: initial; background-origin: initial; background-clip: initial; color: rgb(102, 102, 102);\">Ножницы отличаются предельно эргономичным,практичным дизайном.Размер:20,5см</p>', 'Berghoff ', 'серый'),
(312, 'Крем-краска для бровей и ресниц \" Slavia lege artis\",- тон чёрный, коричневый, графит.', 9, 21, '0', '0', '0', '0', 0, '1.jpg', 4, '<p><span style=\"color: rgb(255, 255, 255); font-family: Arial, sans-serif; font-size: 13.008px; font-weight: 400; background-color: rgb(57, 105, 153);\">Крем-краска для бровей и ресниц \" Slavia lege artis\",- тон чёрный, коричневый, графит.</span><br></p>', '', 'Slavia lege artis', 'черный'),
(313, 'Шапочка для душа.', 6, 5, '0', '0', '0', '0', 0, '1.jpg', 9, '<p>Шапочка для душа</p>', '', 'M.A.C.', 'голубой'),
(314, 'Набор для девочки с очками, 12 предметов.', 36, 100, '0', '0', '0', '0', 0, '1.jpg', 4, '<p><span style=\"color: rgb(255, 255, 255); font-family: Arial, sans-serif; font-size: 13.008px; font-weight: 400; background-color: rgb(57, 105, 153);\">Набор для девочки с очками, 12 предметов.</span><br></p>', '', 'Dada', 'розовый'),
(315, 'Слюнявчик , 230мм.', 35, 38, '0', '0', '0', '0', 0, '1.jpg', 6, '<h1 class=\"b-product__name b-online-edit\" style=\"margin-top: 0px; padding: 0px; list-style: none outside none; border-color: rgb(157, 185, 218); font-size: 18px; line-height: 20px; font-weight: 700; overflow-wrap: break-word; position: relative; font-family: Arial, sans-serif;\"><span style=\"background-color: rgb(239, 239, 239);\">Слюнявчик, 230мм.</span></h1>', '', 'Vula', 'красный'),
(316, 'Зубная щётка детская с присоской Пингвинчик.', 33, 15, '0', '0', '0', '0', 0, '1.jpg', 6, '<h1 class=\"b-product__name b-online-edit\" style=\"margin-top: 0px; padding: 0px; list-style: none outside none; border-color: rgb(157, 185, 218); font-size: 18px; line-height: 20px; font-weight: 700; overflow-wrap: break-word; position: relative; color: rgb(255, 255, 255); font-family: Arial, sans-serif; background-color: rgb(57, 105, 153);\"><span data-qaid=\"product_name\" style=\"border-color: rgb(157, 185, 218);\">Зубная щётка детская с присоской Пингвинчик.</span></h1>', '', 'Womi', '-'),
(317, 'Щётка- расчёска, детская.', 33, 25, '0', '0', '0', '0', 0, '2.jpg', 2, '<h1 class=\"b-product__name b-online-edit\" style=\"margin-top: 0px; padding: 0px; list-style: none outside none; border-color: rgb(157, 185, 218); font-size: 18px; line-height: 20px; font-weight: 700; overflow-wrap: break-word; position: relative; color: rgb(255, 255, 255); font-family: Arial, sans-serif; background-color: rgb(57, 105, 153);\"><span data-qaid=\"product_name\" style=\"border-color: rgb(157, 185, 218);\">Щётка- расчёска, детская.</span></h1>', '', 'Womi', 'розовый'),
(318, 'AnimAll - нейтрализатор запахов ЭнимАл ', 27, 30, '0', '0', '0', '0', 0, '2.jpg', 3, '<p><span style=\"color: rgb(24, 24, 24); font-family: sans-serif; font-weight: 400; background-color: rgb(226, 226, 226);\">Средство удаляет молекулы неприятного запаха. Сорбирует молекулы неприятного запаха в воздухе. Не маскирует запах, а борется с причиной неприятного запаха. Не содержит: кислоты, хлорки, ацетона, спирта. Безопасное средство для человека и домашних животных. Удаляет метки животных. Использование: хорошо встряхнуть балончик и распылять аэрозоль вверх. Можно использовать в закрытых комнатах: туалетах, ваннах и лифтах.</span><br></p>', '<p><span style=\"color: rgb(24, 24, 24); font-family: sans-serif; font-weight: 400; background-color: rgb(226, 226, 226);\">Бренд	AnimAll</span><br style=\"color: rgb(24, 24, 24); font-family: sans-serif; background-color: rgb(226, 226, 226);\"><br></p>', 'AnimAll ', '-'),
(320, 'Pet Fashion - куртка-жилет Пет Фешн Бонжур для собак ', 28, 307, '0', '0', '0', '0', 0, '2.jpg', 3, '<p><span style=\"color: rgb(24, 24, 24); font-family: sans-serif; font-weight: 400; background-color: rgb(226, 226, 226);\">Стильный утепленный двусторонний жилет без рукавов для собак от компании Pet Fashion. Он защитит вашего питомца от дождя, холода и ветра. Курточка-жилет Бонжур идеально подойдет для прогулок в период ранней весны или поздней осени. Качественный пошив гарантирует долгую эксплуатацию. Основные характеристики: одна сторона: плащевая ткань; другая сторона: плюш; в капюшоне предусмотрено отверствие для поводка; застегивается с помощью удобных кнопок; сезон: весна/осень; с капюшоном; цвета в ассортименте (эту информацию вы можете уточнить у нашего менеджера).</span><br style=\"color: rgb(24, 24, 24); font-family: sans-serif; background-color: rgb(226, 226, 226);\"><br></p>', '<p><span style=\"color: rgb(24, 24, 24); font-family: sans-serif; font-weight: 400; background-color: rgb(226, 226, 226);\">Длина спины:', 'Pet Fashion', 'синий'),
(321, 'Trixie Venezia - куртка Трикси с капюшоном коричневая ', 28, 315, '1', '0', '0', '0', 0, '3.jpg', 2, '<p><span style=\"color: rgb(24, 24, 24); font-family: sans-serif; font-weight: 400; background-color: rgb(226, 226, 226);\">Великолепная курточка с капюшоном из полиэстера идеально подойдет для прогулки с вашей собакой в осенне-весенний период. Она защитит вашего питомца от холода, дождя и ветра. Благодаря специальному покрытию, куртка водонепроницаемая, но при этом подкладка сшита из натурального хлопка, который не будет вызывать раздражения или натирать кожу четвероногого друга. Модель представлена разных размеров и вы обязательно подберете подходящий именно вашей собаке.</span><br style=\"color: rgb(24, 24, 24); font-family: sans-serif; background-color: rgb(226, 226, 226);\"><br></p>', '<p><span style=\"color: rgb(24, 24, 24); font-family: sans-serif; font-weight: 400; background-color: rgb(226, 226, 226);\">Основные преимущества: с мягкой подкладкой из хлопка с упругим нагрудником с прорезью для крепления поводка со съемным капюшоном и воротником-стойкой петли для задних ног на кнопках цвет: коричневый ручная стирка при температуре 30°C</span><br style=\"color: rgb(24, 24, 24); font-family: sans-serif; background-color: rgb(226, 226, 226);\"><br></p>', 'Trixie Venezia', 'коричневый'),
(322, 'Trixie Walker - тапок Трикси из неопрена для собак ', 28, 125, '1', '0', '0', '0', 0, '4.jpg', 2, '<p><span style=\"color: rgb(24, 24, 24); font-family: sans-serif; font-weight: 400; background-color: rgb(226, 226, 226);\">Материал неопрен, крепёж регулируется липучкой.</span><br style=\"color: rgb(24, 24, 24); font-family: sans-serif; background-color: rgb(226, 226, 226);\"><br></p>', '<p><span style=\"color: rgb(24, 24, 24); font-family: sans-serif; font-weight: 400; background-color: rgb(226, 226, 226);\">Упаковка: 2 ботинка.</span><br></p>', 'Trixie Walker', 'черный'),
(323, 'Trixie - игрушечная кость дентафит Трикси ', 29, 70, '1', '0', '0', '0', 0, '1.jpg', 7, '<p><span style=\"color: rgb(24, 24, 24); font-family: sans-serif; font-weight: 400; background-color: rgb(226, 226, 226);\">Разработана специально для гигиены полости рта.</span><br></p>', '<p><span style=\"color: rgb(24, 24, 24); font-family: sans-serif; font-weight: 400; background-color: rgb(226, 226, 226);\">Длина: 15см.</span><br></p>', 'Trixie ', 'фиолетовый'),
(324, 'Trixie - игрушка Трикси гантель для щенков ', 29, 100, '1', '0', '0', '0', 0, '2.jpg', 1, '<p><span style=\"color: rgb(24, 24, 24); font-family: sans-serif; font-weight: 400; background-color: rgb(226, 226, 226);\">Замечательная игрушка в форме гантели от компании</span></p>', '<p><span style=\"color: rgb(24, 24, 24); font-family: sans-serif; font-weight: 400; background-color: rgb(226, 226, 226);\">Размер: 10 см.</span><br></p>', 'Trixie ', 'красный'),
(325, 'Trixie - игрушка Трикси кость с рингом', 29, 125, '1', '0', '0', '0', 0, '3.jpg', 3, '<p><span style=\"color: rgb(24, 24, 24); font-family: sans-serif; font-weight: 400; background-color: rgb(226, 226, 226);\">Трикси Кость с рингом</span><br></p>', '<p><span style=\"color: rgb(24, 24, 24); font-family: sans-serif; font-weight: 400; background-color: rgb(226, 226, 226);\">Диаметр: 11см.</span><br></p>', 'Trixie ', 'оранжевый'),
(326, 'Nylabone NylaFlex - кость Нилабон со вкусом бекона для собак с умеренным стилем грызения', 29, 80, '1', '0', '0', '0', 0, '4.jpg', 5, '<p><span style=\"color: rgb(24, 24, 24); font-family: sans-serif; font-weight: 400; background-color: rgb(226, 226, 226);\">Уникальная игрушка от компании Нилабон - специальная жевательная косточка разработана для собак с умеренной потребностью грызть. Жевательная косточка отлично массирует десны, очищает и укрепляет зубы без их износа.</span></p>', '<p><span style=\"color: rgb(24, 24, 24); font-family: sans-serif; font-weight: 400; background-color: rgb(226, 226, 226);\">Размеры: REGULAR 11,4 см - для собак весом до 11 кг. GIANT 19,6 см - до 23 кг. Страна производитель: США.</span><br></p>', 'Nylabone NylaFlex', 'красный'),
(330, 'Виниловый проигрыватель пластинок Marantz TT-15S1', 14, 1000, '0', '0', '0', '0', 0, '1.jpg', 4, '<p></p>', '<p></p>', 'Marantz', 'белый'),
(331, 'Высококлассный гибридный усилитель Vincent SV-200', 14, 2000, '0', '0', '0', '0', 0, '4.jpg', 4, '<p></p>', '<p></p>', 'Vincent', ''),
(332, 'Сетевой кондиционер AudioQuest Niagara 1000', 14, 2500, '0', '0', '0', '0', 0, '3.jpg', 4, '<p><span style=\"color: rgb(51, 51, 51); font-family: ', '<p><span style=\"color: rgb(51, 51, 51); font-family: ', 'AudioQuest', 'серый'),
(333, 'Портативная акустика Harman Kardon Onyx Studio 5', 14, 1500, '0', '0', '0', '0', 0, '36.jpg', 10, '<p></p>', '<p></p>', 'Harman Kardon Onyx', 'синий');
INSERT INTO `products` (`id`, `name`, `department_id`, `price`, `discount`, `popular`, `new_product`, `special_offer`, `promotion`, `photo`, `quantity`, `big_description`, `adding_info`, `brand`, `colour`) VALUES
(334, 'Пароочиститель Bomann DR 977 CB (2930) ', 13, 2300, '0', '0', '0', '0', 0, '1.jpg', 3, '<p><span style=\"color: rgb(68, 68, 68); font-family: Arial, Helvetica, sans-serif; font-size: 11px; font-weight: 400;\">С пароочистителем Bomann DR 977 CB (2930) вы сможете за считанные минуты удалить весь жир с поверхности, пыль, пятна, которые расположились на стекле, мебели, шкафах. Вы сможете идеально вычистить все стыки и щели до которых ранее не доставала ни одна щетка. Таким пароочистителем очень удобно чистить сантехнику. А главный и самый большой плюс этого прибора заключается в том, что он не только эффективно выводит загрязнения, но и дезинфицирует поверхность, удаляя вредные микробы и неприятный запах. Все это стало возможно за счет того, что модель чистит поверхность при помощи пара, температура которого достигает 100 °C.</span><br></p>', '<p><span style=\"color: rgb(68, 68, 68); font-family: Arial, Helvetica, sans-serif; font-size: 11px; font-weight: 400;\">Тип: Для уборки; Мощность, Вт: 1000.00; Давление пара, бар: 3.50; Объем заливаемой воды, л: 0.22; Насадки и щетки: Насадка для мытья окон, Насадка для труднодоступных мест, Щетка для мебели;</span><br></p>', 'Bomann ', 'желтый'),
(335, 'Утюг Гладильная система Braun IS 3042 WH SS', 13, 2500, '0', '0', '0', '0', 0, '2.jpg', 5, '<p><span style=\"color: rgb(68, 68, 68); font-family: Arial, Helvetica, sans-serif; font-size: 11px; font-weight: 400;\">Отличный утюг!</span><br></p>', '<p><br></p><table class=\"table table-bordered\"><tbody><tr><td>Тип<br></td><td>С паром<br></td></tr><tr><td>Подошва<br></td><td></td></tr></tbody></table>', 'Braun ', 'серый'),
(336, 'Пылесос Thomas Aqua  Pet ', 13, 7000, '0', '0', '0', '0', 0, '3.jpg', 3, '<p><span style=\"color: rgb(68, 68, 68); font-family: Arial, Helvetica, sans-serif; font-size: 11px; font-weight: 400;\">Система THOMAS WET-JET создает вакуум для подачи воды и распыления её во входящий пылевоздушный поток. Все частички пыли обволакиваются и связываются капельками воды. После насыщения водой вся пыль и грязь попадает в зону высокой турбулентности в AQUA-BOX.</span><br></p>', '<p><span style=\"color: rgb(68, 68, 68); font-family: Arial, Helvetica, sans-serif; font-size: 11px; font-weight: 400;\">Тип пылесоса: Классический, Моющий; Тип пылесборника: Мешок, Аквафильтр; Тип уборки: Сухая, Влажная, Сбор жидкости; Мощность потребляемая: 1700 Вт; Объем пылесборника: 1,8 л; Насадки: Для влажной уборки, Для мягкой мебели, Пол-ковер, Турбощетка (для уборки шерсти), Щелевая насадка;</span></p><p><span style=\"color: rgb(68, 68, 68); font-family: Arial, Helvetica, sans-serif; font-size: 11px; font-weight: 400;\"><br></span></p><table class=\"table table-bordered\"><tbody><tr><td>Тип пылесоса<br></td><td>Классический,Моющий<br></td></tr><tr><td>Тип пылесборника<br></td><td>Мешок, Аквафильтр<br></td></tr><tr><td></td></tr></tbody></table>', 'Thomas Aqua  Pet ', 'оранжевый'),
(337, 'Форма для выпечки', 2, 600, '0', '1', '0', '0', 3, '8.jpg', 3, '', '', 'Akila', 'серый'),
(338, 'Форма для выпекания', 2, 900, '0', '0', '0', '0', 0, '9.jpg', 7, '', '', 'Bistro', 'серый'),
(339, 'Ультра-матирующая жидкая помада для губ L\'Oreal Paris Les Chocolats Ultra Matte Liquid Lipstick', 9, 232, '0', '0', '0', '0', 0, '2.jpg', 3, 'Суперстойкая и легкая в нанесении за счет удобного и суперточного аппликатора.<p></p>', '', 'L\'Oreal', 'красный'),
(340, 'Крем против мимических морщин вокруг глаз Declare Wrinkle Diminish Eye Treatment', 10, 790, '0', '0', '1', '1', 0, '1.jpg', 4, '<p>Крем против мимических морщин способен предоставить нежный уход за кожей вокруг глаз,снять напряжение и усталость,а также восстановить защитный барьер.</p>', '', 'Declare ', '-'),
(341, 'Очищающая пенка для лица Alcina Cleansing Mousse №1', 10, 355, '0', '0', '0', '1', 0, '2.jpg', 4, '<p>Очищающая пенка для лица экономична в использовании и эффективна в применении.Бережно очищает любой тип кожного покрова.</p>', '', 'Alcina', '-'),
(342, 'Очищающее мыло для лица \"Маянне\" Kedem Facial Cleanser Mayanne', 10, 410, '0', '0', '0', '1', 0, '3.jpg', 3, '<p>Нежное очищающее мыло для лица \"Маянне\" подходит для всех типов лица. Оно содержит экстракт бессмертника, который увлажняет,укрепляет и тонизирует кожу.</p>', '', 'Kedem ', '-'),
(343, 'Пенка для умывания и очищающая маска 2 в 1 Estee Lauder Perfectly Clean Multi-Action Foam Cleanser', 10, 970, '0', '0', '0', '1', 0, '4.jpg', 4, '<p>На основе натурального экстракта зеленого кофе было создано уникальное, инновационное средство для тщательного очищения кожи -пенка для умывания и очищающая маска 2в1</p>', '', 'Estee Lauder', '-'),
(344, 'Бальзам для губ \"Базовый уход\" Nivea Lip Care Essential Care Lip Balm', 10, 41, '0', '0', '0', '1', 0, '5.jpg', 3, '<p>Бальзам,который способен обеспечить для губ необходимую заботу. Благодаря ему удается предотвратить потерю влаги из кожи губ,вделать ее более увлажненной и мягкой.</p>', '', 'Nivea ', '-'),
(345, 'Бальзам для губ \"Масло аргании\" L\'Erbolario All\'Olio di Argan', 10, 225, '0', '0', '0', '1', 0, '6.jpg', 3, '<p>Чтобы ваши губы оставались всегда мягкими и красивыми,не пересыхали и не трескались, этот бальзам раскроет все удивительные свойства арганового масла.</p>', '', 'L\'Erbolario', '-'),
(346, 'Увлажняющий уход \"Гидра Энергетик Против признаков усталости\" L\'Oreal Men Expert', 8, 173, '0', '0', '0', '1', 0, '1.jpg', 3, '', '', 'L\'Oreal', '-'),
(347, 'Крем интенсивный увлажняющий Nivea Soft', 7, 43, '0', '0', '0', '0', 3, '1.jpg', 4, '', '', 'Nivea ', '-'),
(348, 'Молочко для тела \"Очарование чистотой\" с экстрактом кашемира Mades Cosmetics Bath ', 7, 245, '0', '0', '0', '0', 3, '2.jpg', 3, '', '', 'Mades Cosmetics', '-'),
(349, 'Дезодорант шариковый Babe Laboratorios Roll-On Deodorant', 11, 138, '0', '0', '0', '0', 1, '1.jpg', 3, '', '', 'Babe Laboratorios', '-'),
(350, 'Дезодорант стик женский \"Сухость пудры\" Rexona Powder Dry', 11, 50, '0', '0', '0', '0', 3, '2.jpg', 2, '', '', 'Rexona', '-'),
(351, 'Ватные палочки в банке Novita Delicate', 11, 33, '0', '0', '0', '0', 3, '3.jpg', 3, '', '', 'Novita', '-'),
(352, 'Гель для бритья Gillette Fusion ProGlide Sensitive Active Sport', 8, 127, '0', '1', '0', '0', 0, '2.jpg', 4, '<p>Благодаря сбалансированной формуле средства,станок плавно скользит по вашей коже,мгновенно избавляясь даже от самой жесткой щетины.</p>', '', 'Gillette ', '-'),
(353, 'Одноразовые бритвенные станки Gillette 2', 8, 22, '0', '0', '0', '0', 0, '3.jpg', 4, '', '', 'Gillette ', '-'),
(354, 'Бутылочка для кормления средняя Philips Avent \"Natural\"', 31, 249, '0', '0', '0', '0', 0, '1.jpg', 4, '', '<p>В комплект входит: </p><ol><li>Бутылочка 260 мл - 2шт.;</li><li>Соска медленный поток 1  месю 2 отверстия - 2шт.</li></ol>', 'Philips ', 'белый'),
(355, 'Пакеты для хранения грудного молока Philips Avent', 31, 249, '0', '0', '1', '0', 0, '2.jpg', 4, '', '', 'Philips ', 'белый'),
(356, 'Пустышка для девочек с 18 месяцев Philips Avent Sensitive', 31, 259, '0', '0', '0', '0', 0, '3.jpg', 3, '', '', 'Philips', ''),
(357, 'Резиновый нагрудник Baby Team', 31, 70, '0', '0', '0', '0', 0, '4.jpg', 4, '', '', ' Baby Team', 'желтый'),
(358, 'Тарелка на присоске для СВЧ Nuby', 31, 435, '0', '0', '0', '0', 0, '5.jpg', 4, '<p>ыЫАСя</p>', '<p>ЯЧСЯЧ</p>', 'Nuby', 'голубой'),
(359, 'Слюнявчик нагрудный на кнопке Lindo Ф 934', 31, 50, '0', '0', '0', '0', 0, '6.jpg', 5, '', '', 'Lindo', 'голубой'),
(360, 'Ванночка для купания с пробкой \"Лулу\" Maltex', 34, 494, '0', '0', '0', '0', 0, '1.jpg', 3, '', '', 'Maltex', 'белый'),
(361, 'Мини-коврики для купания Canpol Babies', 34, 239, '0', '0', '0', '0', 0, '2.jpg', 3, '', '', 'Canpol ', 'разноцветные'),
(362, 'Губка для купания Maltex Baby', 34, 89, '0', '0', '0', '0', 0, '3.jpg', 3, '', '', 'Maltex ', '-'),
(363, 'Подставка под ванночку универсальная Maltex', 34, 975, '0', '0', '0', '0', 0, '4.jpg', 3, '', '', 'Maltex', '-'),
(364, 'Губка банная \"Солнышко\" Мелочи Жизни', 34, 16, '0', '0', '0', '0', 0, '5.jpg', 1, '', '', 'Мелочи Жизни', '-'),
(365, 'Ванночка для купания \"Уточка\" Maltex', 34, 300, '0', '0', '0', '0', 0, '6.jpg', 4, '', '', ' Maltex', 'розовый'),
(366, 'Давайте рисовать, как великие художники', 19, 242, '0', '0', '0', '0', 0, '1.jpg', 3, '', '', '-', '-'),
(367, 'Математична абетка. 1 клас. Зошит-тренажер № 3', 19, 90, '0', '0', '0', '0', 0, '2.jpg', 3, '', '', '-', '-'),
(368, 'Привет, Photoshop! Моя первая книга по фотомонтажу', 19, 90, '0', '0', '0', '0', 0, '3.jpg', 3, '', '', '-', '-'),
(369, 'Путівник по бізнесу. Посібник для школярів Путівник по бізнесу. Посібник для школярів', 19, 120, '0', '0', '0', '0', 0, '4.jpg', 3, '', '', '-', '-'),
(370, 'Гаррі Поттер і філософський камінь. Ілюстроване видання', 19, 410, '0', '0', '0', '0', 0, '5.jpg', 3, '<p><span style=\"color: rgb(51, 51, 51); font-family: Verdana, Geneva, serif; font-weight: 400;\">Нове видання вже добре відомої шанувальникам першої частини пригод незвичайного хлопчика Гаррі Поттера. Книга була вперше видана у 1997 році, і тепер діти, які виросли з нею, читають її своїм дітям чи перечитують для задоволення, адже кожен, хто стикнувся з цим чаклунським світом, вже не зможе уявити, ніби не має цього досвіду. Кожен з нас хотів навчатися в Хогвартсі і мати таких розумних і відчайдушних друзів, випробувати свою мужність в небезпечних пригодах.</span><br style=\"color: rgb(51, 51, 51); font-family: Verdana, Geneva, serif;\"><br></p>', '<span style=\"color: rgb(51, 51, 51); font-family: Verdana, Geneva, serif; font-weight: 400;\">Автор Джоан Роулинг Издательство А-ба-ба-га-ла-ма-га Серия книг Гаррі Поттер Язык Украинский Год издания 2016 Год первого издания 1997 Переводчик Виктор Морозов, Иван Малкович Возраст ребенка Подросткам, От 6 до 8 лет, От 9 до 12 лет, Родителям Иллюстратор Джим Кей Количество страниц 248 Иллюстрации Цветные Формат 226х267 мм Переплет Твердый, Суперобложка Бумага Мелованная ISBN 978-617-585-100-5 Вес 1</span>', '-', '-'),
(371, 'Универсальная коляска Camarelo Vision Vis-1', 32, 7283, '0', '0', '0', '0', 0, '1.jpg', 4, '<p><span style=\"color: rgb(51, 51, 51); font-family: roboto, roboto, Helvetica, Arial, sans-serif; font-weight: 300;\">В модели собраны самые удачные находки предыдущих разработок и применены ноу-хау компании. Прежде всего — конструкция рамы, выполненная из современного прочного алюминиевого профиля и новых элементов — оригинальных пластмассовых деталей. Рама имеет очень простой механизм складывания, нет необходимости снимать колеса — размер в сложенном, с колесами, состоянии 100х29х59 см.</span><br style=\"color: rgb(51, 51, 51); font-family: roboto, roboto, Helvetica, Arial, sans-serif;\"><span style=\"color: rgb(51, 51, 51); font-family: roboto, roboto, Helvetica, Arial, sans-serif; font-weight: 300;\">Оптимизированы элементы подвески, предусмотрена двуступенчатая регулировка ее жесткости, конструкция крепежа задних колес, форма и дизайн передних управляемых. Тормоз — центральный, троссовый Easy-Stop.</span><br style=\"color: rgb(51, 51, 51); font-family: roboto, roboto, Helvetica, Arial, sans-serif;\"><span style=\"color: rgb(51, 51, 51); font-family: roboto, roboto, Helvetica, Arial, sans-serif; font-weight: 300;\">Благодаря алюминиевой конструкции, оригинальным облегченным дискам колес, коляска сохранила легкость и маневренность.</span><br style=\"color: rgb(51, 51, 51); font-family: roboto, roboto, Helvetica, Arial, sans-serif;\"><span style=\"color: rgb(51, 51, 51); font-family: roboto, roboto, Helvetica, Arial, sans-serif; font-weight: 300;\">Сумка для мамы имеет жесткое пластиковое дно, что делает ее стильной и практичной.</span></p>', '<h3 style=\"font-family: roboto, roboto, Helvetica, Arial, sans-serif; font-weight: 700; line-height: 22px; color: rgb(51, 51, 51); font-size: 18px;\">В комплекте:</h3><ul style=\"margin-right: 0px; margin-bottom: 24px; margin-left: 0px; color: rgb(51, 51, 51); font-family: roboto, roboto, Helvetica, Arial, sans-serif;\"><li>москитная сетка;</li><li>дождевик;</li><li>корзина для покупок;</li><li>сумка для мамы с жестким дном;</li><li>чехол на ножки.</li></ul><h3 style=\"font-family: roboto, roboto, Helvetica, Arial, sans-serif; font-weight: 700; line-height: 22px; color: rgb(51, 51, 51); font-size: 18px;\">Размер и вес универсальной коляски Camarelo Vision:</h3><ul style=\"margin-right: 0px; margin-bottom: 24px; margin-left: 0px; color: rgb(51, 51, 51); font-family: roboto, roboto, Helvetica, Arial, sans-serif;\"><li>размер: 122х59х125 см;</li><li>размер в сложенном виде: 86х59х38 см;</li><li>размер люльки: 85х37 см;</li><li>размер прогулочного сиденья: 83х32 см;</li><li>ширина шасси: 59 см;</li><li>диаметр колес: задние 30.48 см, передние 25,4 см;</li><li>вес шасси с колесами: 9,4 кг;</li><li>вес прогулочного блока: 5,3 кг;</li><li>вес люльки: 4,8 кг;</li><li>размер упаковки 52х44х91 см.</li></ul>', 'Camarelo ', 'серый'),
(372, 'Коляска-трансформер Bambi M 3895-9 Фиолетовая', 32, 6000, '0', '0', '0', '0', 0, '2.jpg', 3, '<ul style=\"margin-right: 0px; margin-bottom: 24px; margin-left: 0px; color: rgb(51, 51, 51); font-family: roboto, roboto, Helvetica, Arial, sans-serif;\"><li>2 положения блока (по ходу движения/ против).</li><li>Максимальная нагрузка: 15 кг.</li><li>Материал рамы - алюминий.</li><li>Ткань - деним (двойная, плотность - 430 D)</li><li>Глубокий капюшон, опускается до бампер, глубина регулируется с помощью застежки-молнии.</li><li>Спинка регулируется ремнем и кнопкой (угол наклона 98-180°).</li><li>3 положения люльки в сидячем положении.</li><li>Подножка нерегулируемая прорезиненная.</li><li>5-ти точечные ремни безопасности, ремень-защита от сползания.</li><li>Открываемый съемный бампер со съемной обивкой.</li><li>Материал колеса - полиуретан, на подшипниках.</li><li>Диаметр передних колес - 16,5 см., задних - 20 см.</li><li>Ширина шасси задних колес 60,5 см.</li><li>Амортизаторы передних и задних колес.</li><li>Передние колеса поворотные с фиксацией.</li><li>Нерегулируемая родительская ручка, высота от пола 102 см.</li><li>Тормоз спаренный,</li></ul>', '', 'Bambi ', 'фиолетовый'),
(373, 'Универсальная коляска 3 в 1 Verdi Sonic 33', 32, 6500, '0', '0', '0', '0', 0, '3.jpg', 3, '<h3 style=\"font-family: roboto, roboto, Helvetica, Arial, sans-serif; font-weight: 700; line-height: 22px; color: rgb(51, 51, 51); font-size: 18px;\">﻿Особенности универсальной коляски 3 в 1', '<h3 style=\"font-family: roboto, roboto, Helvetica, Arial, sans-serif; font-weight: 700; line-height: 22px; color: rgb(51, 51, 51); font-size: 18px;\">Особенности люльки Verdi Sonic:</h3><ul style=\"margin-right: 0px; margin-bottom: 24px; margin-left: 0px; color: rgb(51, 51, 51); font-family: roboto, roboto, Helvetica, Arial, sans-serif;\"><li>просторная и комфортная;</li><li>внутренняя обивка из мягкого хлопка;</li><li>удобная на ощупь ручка для переноски люльки из эко кожи;</li><li>вентиляционное окошко со встроенной москитной сеткой;</li><li>чехол для люльки;</li><li>солнцезащитный козырек.</li></ul>', 'Verdi ', 'коричневый'),
(374, 'D4500 zinc rich primer 2k / D4500 цинкосодержащий грунт', 22, 100, '0', '0', '0', '0', 0, '1.jpg', 3, '<p></p>', '', 'GERO', '-'),
(375, 'Краска для интерьера Texacryl dekor / Тексакрил декор (10л)', 22, 1300, '0', '0', '0', '0', 0, '2.png', 3, '<p>Водоразбавляемая, акриловая сополимерная краска с высоким сухим остатком для окраски интерьера.<br></p>', '', 'GERO', '-'),
(376, 'Краска структурная Danke Struktur (30кг)', 22, 940, '0', '0', '0', '0', 0, '3.jpg', 3, '', '', 'Deutek (Германия)', '-'),
(377, 'Фасадная силиконовая краска Oskar Silicon (15л)', 22, 1000, '0', '0', '0', '0', 0, '4.jpg', 3, '<p></p>', '', 'Deutek (Германия)', '-'),
(378, 'Гидрофобизатор Виртуоз Ф-9 Концентрат', 24, 556, '0', '0', '0', '0', 0, '1.jpg', 4, '<p><span style=\"background-color: rgb(239, 239, 239);\"><span style=\"color: rgb(51, 51, 51); font-family: Arimo, sans-serif; font-size: 15px; font-weight: 400;\">Кремнийорганика, без изменения внешнего вида</span><br style=\"color: rgb(51, 51, 51); font-family: Arimo, sans-serif; font-size: 15px;\"><span style=\"color: rgb(51, 51, 51); font-family: Arimo, sans-serif; font-size: 15px; font-weight: 400;\">Концентрат 1:20, 1л до 100 м²</span></span></p>', '<ul style=\"margin-bottom: 10px; color: rgb(51, 51, 51); font-family: Arimo, sans-serif; font-size: 15px;\"><li style=\"\"><span style=\"background-color: rgb(239, 239, 239); font-size: 14px; font-weight: normal;\">Понижает водопоглощение в 10-50 раз</span></li><li style=\"\"><span style=\"background-color: rgb(239, 239, 239); font-size: 14px; font-weight: normal;\">Увеличивает морозостойкость в 1,5-3 раза</span></li><li style=\"\"><span style=\"background-color: rgb(239, 239, 239); font-size: 14px; font-weight: normal;\">Проникает глубоко внутрь обрабатываемого материала до 40мм и больше ( в зависимости от пористости основы)</span></li><li style=\"\"><span style=\"background-color: rgb(239, 239, 239); font-size: 14px; font-weight: normal;\">Используется в качестве глубоко проникающего грунта для фасадных красок (срок службы окрашенного слоя увеличивается в несколько раз)</span></li><li style=\"\"><span style=\"background-color: rgb(239, 239, 239);\"><span style=\"font-size: 14px; font-weight: normal;\">Имеет в несколько раз</span></span></li></ul>', 'Fur', '-'),
(379, 'Антигрибковая пропитка АнтиПлесень-1 (биосеребро)', 24, 0, '0', '0', '0', '0', 0, '2.jpg', 3, '<p><span style=\"background-color: rgb(239, 239, 239);\"><span style=\"color: rgb(51, 51, 51); font-family: Arimo, sans-serif; font-size: 15px; font-weight: 400;\">Для обработки поверхностей</span></span></p>', '<p style=\"color: rgb(51, 51, 51); font-family: Arimo, sans-serif; font-size: 15px;\"><span style=\"background-color: rgb(239, 239, 239); font-weight: normal;\">Противогрибковое средство \"АнтиПлиснява 1\" - антигрибок для обработки любых поверхностей с целью эффективной и экологически чистой дезинфекции, очистки и дезодорации.</span></p><p style=\"color: rgb(51, 51, 51); font-family: Arimo, sans-serif; font-size: 15px;\"><span style=\"background-color: rgb(239, 239, 239); font-weight: normal;\">Уничтожает плесень (как фунгицид для Aspergillus niger), бактерии, грибки, споры культуры, вредные патогенные микроорганизмы и вирусы, ОРВИ, грипп, гепатит, кишечную палочку, листерию, туберкулезную палочку и другие. Продолжает свое действие при высоких температурах, наличии хлорки и других дезинфицирующих средств; быстро разлагает и удаляет углеводород, животные жиры, растительные жиры, масла, смазки, твердые отходы и другие органические соединения;</span></p><div style=\"color: rgb(51, 51, 51); font-family: Arimo, sans-serif; font-size: 15px;\"><span style=\"background-color: rgb(239, 239, 239); font-weight: normal;\">Технические данные:<br></span></div><ul style=\"margin-bottom: 10px; color: rgb(51, 51, 51); font-family: Arimo, sans-serif; font-size: 15px;\"><li><span style=\"background-color: rgb(239, 239, 239); font-weight: normal;\">Полупрозрачная жидкость светло-желтого цвета, с мягким дезодорирующим запахом.<br></span></li><li><span style=\"background-color: rgb(239, 239, 239); font-weight: normal;\">Не является консервантом; рН 4,</span></li><li><span style=\"background-color: rgb(239, 239, 239); font-weight: normal;\">Не токсичен, не мутагенный, а не коррозионно к металлу;</span></li><li><span style=\"background-color: rgb(239, 239, 239); font-weight: normal;\">Способность к распаду бактерий: 100%.</span></li><li><span style=\"background-color: rgb(239, 239, 239); font-weight: normal;\">ДСТУ Б В.2.7-171: 2008.</span></li></ul><p style=\"color: rgb(51, 51, 51); font-family: Arimo, sans-serif; font-size: 15px;\"><span style=\"background-color: rgb(239, 239, 239); font-weight: normal;\">Перед началом работ по уничтожению грибков рекомендуется снять пораженные обои, сбить инфицированную и влажную штукатурку до основания / очистить древесину. На высушенную стену нанести антисептик в 2-3 слоя с интервалом в 4 часа. При возможности подсушить (естественная вентиляция или строительный фен).</span></p><ul style=\"margin-bottom: 10px; color: rgb(51, 51, 51); font-family: Arimo, sans-serif; font-size: 15px;\"><li><span style=\"background-color: rgb(239, 239, 239); font-weight: normal;\">Расход на НЕ пористой поверхности 100-120 мл на 1м2</span></li><li><span style=\"background-color: rgb(239, 239, 239); font-weight: normal;\">Расход на пористой поверхности 180-600 мл на 1м2</span></li></ul><p style=\"color: rgb(51, 51, 51); font-family: Arimo, sans-serif; font-size: 15px;\"><span style=\"background-color: rgb(239, 239, 239); font-weight: normal;\">Через 24 часа, с помощью щетки и чистой воды очистить с поверхности остатки грибка (не использовать моющие средства). После высыхания нанести новую штукатурку, обои, краску и т.д. Желательно устранить причину появления плесени или грибка, например, отсутствие достаточного гидроизоляции или эффективной вентиляции.</span></p><p style=\"color: rgb(51, 51, 51); font-family: Arimo, sans-serif; font-size: 15px;\"><span style=\"background-color: rgb(239, 239, 239); font-weight: normal;\">При нанесении жидкости на пораженную поверхность возможен неприятный запах.</span></p>', 'Fur', '-'),
(380, 'Шовная гидроизоляция Виртуоз ОС-3', 24, 0, '0', '0', '0', '0', 0, '3.jpg', 4, '<p><span style=\"background-color: rgb(239, 239, 239);\"><span style=\"color: rgb(51, 51, 51); font-family: Arimo, sans-serif; font-size: 15px; font-weight: 400;\">Для швов, трещин, стыков, примыканий</span></span></p>', '<p style=\"color: rgb(51, 51, 51); font-family: Arimo, sans-serif; font-size: 15px;\"><span style=\"background-color: rgb(239, 239, 239); font-weight: normal;\">Шовный гидроизоляционный материал для предотвращения проникновения воды через трещины, стыки, швы, вводы коммуникаций, сопряжения и примыкания. Состоит из специального цемента, кварцевого песка определенной гранулометрии, активных химических добавок.</span></p><p style=\"color: rgb(51, 51, 51); font-family: Arimo, sans-serif; font-size: 15px;\"><span style=\"background-color: rgb(239, 239, 239); font-weight: normal;\">Материал проверен годами работы гидроизоляционной бригады Виртуоз (сайт:</span></p>', 'Sasse', '-'),
(381, 'Очиститель СОФТ-2 Концентрат 1:2', 24, 120, '0', '0', '0', '0', 0, '4.jpg', 3, '<p><span style=\"background-color: rgb(239, 239, 239);\"><span style=\"color: rgb(51, 51, 51); font-family: Arimo, sans-serif; font-size: 15px; font-weight: 400;\">1 л концентрата на 5 м² (при очень сильном загрязнении)</span></span></p>', '<ul style=\"margin-bottom: 10px; color: rgb(51, 51, 51); font-family: Arimo, sans-serif; font-size: 15px;\"><li style=\"\"><span style=\"background-color: rgb(247, 247, 247); font-weight: normal;\">Растворяет мощнее, чем традиционные агрессивные (опасные!) кислоты</span></li><li style=\"\"><span style=\"background-color: rgb(247, 247, 247); font-weight: normal;\">Не содержит кислоты и органические растворители</span></li><li style=\"\"><span style=\"background-color: rgb(247, 247, 247); font-weight: normal;\">Не вызывает коррозию металлов (кроме цинка)</span></li><li style=\"\"><span style=\"background-color: rgb(247, 247, 247); font-weight: normal;\">Безвредный для стекла, краски, пластмасс</span></li><li style=\"\"><span style=\"background-color: rgb(247, 247, 247); font-weight: normal;\">Безопасный в использовании, не токсичен</span></li><li style=\"\"><span style=\"background-color: rgb(247, 247, 247); font-weight: normal;\">Безопасный для кожи человека</span></li></ul>', 'Sasse', '-'),
(382, 'Душевые боксы Atlantis ', 21, 1200, '0', '0', '0', '0', 0, '1.jpg', 4, '<p></p>', '<p></p>', 'Atlantis ', 'белый'),
(383, 'Душевая кабина', 21, 1300, '0', '0', '0', '0', 0, '2.jpg', 3, '<p><span style=\"color: rgb(51, 51, 51); font-family: ', '<p><span style=\"color: rgb(51, 51, 51); font-family: ', '', ''),
(384, 'Душевые кабины', 21, 10000, '0', '0', '0', '0', 0, '3.jpg', 4, '', '', 'Frokin', 'белый'),
(385, 'Крепеж кабельный Delux круглый Ф 9мм белый с гвоздем 100 шт', 25, 26, '0', '0', '0', '0', 0, '1.jpg', 3, '<p><span style=\"color: rgb(38, 38, 38); font-family: Arial, Helvetica, sans-serif; font-size: 11px; font-weight: 400;\">Крепеж кабельный Delux круглый Ф 9мм белый с гвоздем 100 шт предназначены для крепления одиночных кабелей различного сечения по форме и величине. Выпускаются в комплекте с гвоздями. Применяются в помещениях, ненасыщенных аппаратурой, т.е. там, где не требуется наличие кабельных каналов.</span><br></p>', '', 'Malle', '-'),
(386, 'Крепление Ekoplastik 90 мм', 25, 20, '0', '0', '0', '0', 0, '2.jpg', 4, '<p><span style=\"color: rgb(38, 38, 38); font-family: Arial, Helvetica, sans-serif; font-size: 11px; font-weight: 400;\">Крепления для полипропиленовых труб - это нужный аксессуар, для закрепления полипропиленовых труб на надежной, ровной поверхности. Чаще всего на стенах, реже на полу или потолке. Крепления позволяют легко и надежно фиксировать полипропиленовую трубу в заданном положении.</span><br></p>', '<p><b style=\"color: rgb(38, 38, 38); font-family: Arial, Helvetica, sans-serif; font-size: 11px;\">Характеристики:</b><br style=\"color: rgb(38, 38, 38); font-family: Arial, Helvetica, sans-serif; font-size: 11px;\"></p><ul style=\"color: rgb(38, 38, 38); font-family: Arial, Helvetica, sans-serif; font-size: 11px;\"><li>Производитель: Ekoplastik;</li><li>Тип: Фиксатор;</li><li>Материал изготовления: Пластик.</li></ul>', '', ''),
(387, 'Хомут подвижный', 25, 110, '0', '0', '0', '0', 0, '3.png', 3, '', '', '', ''),
(388, 'Комплект фасадного крепления IEK КФК12-47.1', 25, 25, '0', '0', '0', '0', 0, '4.jpg', 789, '<p><span style=\"color: rgb(38, 38, 38); font-family: Arial, Helvetica, sans-serif; font-size: 11px; font-weight: 400;\">Характеристики и комплектация товара могут изменяться производителем без уведомления. Магазин не несет ответственности за изменения, внесенные производителем.</span><br></p>', '', 'ІЕК', '-'),
(389, 'Canon EOS R Kit 24-105mm IS', 16, 3400, '0', '0', '0', '0', 0, '1.jpg', 498, '<p></p>', '<p></p>', 'Canon ', 'черный'),
(390, 'Nikon D3500 kit 18-105mm VR', 16, 6000, '0', '0', '0', '0', 0, '2.jpg', 45, '<p></p>', '<p></p>', 'Nikon ', 'черный'),
(391, 'Canon Speedlite 270EX II', 16, 1000, '0', '0', '0', '0', 0, '3.jpg', 38, '', '', 'Canon ', 'черный'),
(392, 'Nokia TR-908', 15, 4999, '0', '0', '0', '0', 0, '22.jpg', 289, '', '', 'Nokia', 'серый'),
(393, 'Телефон', 15, 800, '0', '0', '0', '0', 0, '16.jpg', 356, '', '', '', ''),
(394, 'Телефон Land Rover X10', 15, 8000, '0', '0', '0', '0', 0, '11.jpg', 389, '', '', 'Land Rover X10', 'белый'),
(395, 'Apple iPhone X', 15, 10000, '0', '0', '0', '0', 0, '12.jpg', 378, '', '', 'Apple iPhone X', 'белый'),
(396, 'Китайский самсунг', 15, 5000, '0', '0', '1', '0', 0, '13.jpg', 2978, '', '', 'Samsung', 'белый'),
(397, 'Xiaomi Redmi 6 32GB', 15, 8000, '0', '0', '0', '1', 0, '14.jpg', 287, '', '', 'Xiaomi', 'фиолетовый'),
(398, 'Ginzzu MB505 black ', 15, 6000, '0', '1', '0', '0', 0, '15.jpg', 27, '', '', 'Ginzzu', 'черный'),
(399, 'Samsung Galaxy S9 SM-G960 DS', 15, 12000, '0', '1', '0', '0', 0, '2.jpg', 12, '', '', 'Samsung ', 'красный'),
(400, 'Набор ножей', 2, 1000, '1', '0', '0', '0', 0, '7.jpg', 3, '', '', 'Kraft', 'черный'),
(401, 'Кресло груша', 3, 2000, '0', '0', '0', '1', 0, '3.png', 11, '', '', 'Filila', 'зеленый'),
(402, 'Кресло груша', 3, 3000, '0', '0', '0', '0', 0, '4.jpg', 20, '', '', 'Filila', 'серый'),
(403, 'Тумба для обуви', 3, 900, '0', '0', '0', '0', 0, '5.jpg', 50, '', '', 'Lolul', 'коричневый'),
(404, 'Прикроватная тумба', 3, 800, '0', '0', '0', '0', 0, '6.jpg', 35, '', '', 'Juki', 'коричневый'),
(405, 'Постельное белье', 4, 2000, '0', '0', '0', '0', 0, '3.jpg', 45, '', '', 'Cross', '-'),
(406, 'Постельное белье', 4, 1500, '0', '1', '0', '0', 0, '4.jpg', 14, '', '', 'Fali', 'фиолетовый'),
(407, 'Полотенце', 4, 90, '0', '0', '0', '0', 0, '5.png', 100, '', '', 'Kila', 'голубой'),
(408, 'Коляска для девочки', 32, 4000, '0', '0', '1', '0', 0, '4.jpg', 20, '', '', 'Folki', 'розовый'),
(409, 'Коляска для мальчика', 32, 5000, '0', '0', '0', '0', 0, '5.jpg', 120, '', '', 'Folki', 'черный'),
(410, 'Подгузники', 33, 200, '0', '0', '0', '0', 0, '3.jpg', 200, '', '', 'Pampers', '-'),
(411, 'Подгузники', 33, 300, '0', '1', '0', '0', 0, '4.jpg', 14, '', '', 'Xase', '-'),
(412, 'Бутылочка для кормления', 35, 50, '0', '0', '1', '0', 0, '2.jpeg', 23, '', '', 'Lindo', 'голубый'),
(413, 'Бутылочка для кормления', 35, 80, '0', '0', '0', '0', 0, '3.jpeg', 26, '', '', 'Nuvita', 'розовый'),
(414, 'Бутылочка для кормления', 35, 100, '0', '0', '0', '0', 0, '4.jpg', 120, '', '', 'NTommy', 'прозрачный'),
(415, 'Резиновые игрушки', 36, 150, '0', '0', '0', '0', 0, '2.jpg', 24, '', '', '', ''),
(416, 'Пластмассовый автомобиль', 36, 200, '0', '1', '0', '0', 0, '3.jpg', 23, '', '', '', ''),
(417, 'Пирмидка', 36, 300, '0', '0', '0', '0', 0, '4.jpg', 23, '', '', '', ''),
(418, 'Щетка', 27, 49, '0', '0', '0', '0', 0, '3.jpeg', 3, '', '', 'Trixie', 'желтый'),
(419, 'Пуходерка', 27, 200, '0', '0', '0', '0', 0, '4.jpeg', 11, '', '', 'Pruk', 'белый'),
(420, 'Смеситель', 21, 300, '0', '0', '1', '0', 0, '4.jpg', 30, '', '', 'Dreek', 'серый'),
(421, 'Нейтрализатор запаха', 27, 400, '0', '0', '0', '0', 0, '1.jpg', 30, '', '', 'Pruk', '-'),
(422, 'Молоток', 23, 49, '1', '0', '0', '0', 0, '3.jpg', 34, '', '', 'Droll', '-'),
(423, 'Молоток', 23, 25, '0', '0', '0', '0', 0, '4.jpg', 25, '', '', 'Droll', 'красный'),
(424, 'Перфоратор', 23, 145, '0', '0', '0', '0', 0, '5.jpg', 23, '', '', 'Droll', '-'),
(425, 'Шуруповерт', 23, 200, '0', '0', '1', '0', 0, '6.jpg', 34, '', '', 'Dase', 'голубой'),
(426, 'Скотч', 18, 45, '0', '0', '0', '0', 0, '2.jpg', 23, '', '', 'Fraur', 'прозрачный'),
(427, 'Скотч', 18, 35, '0', '0', '0', '0', 0, '3.jpg', 34, '', '', 'Fraur', 'желтый'),
(428, 'Скрепки закругленные', 18, 34, '0', '0', '0', '0', 0, '4.jpg', 12, '', '', 'Bru', 'металлический'),
(429, 'Скрепки', 18, 13, '0', '0', '0', '0', 0, '5.jpg', 14, '', '', 'Fina', 'разноцветный'),
(430, 'Гладилка', 13, 300, '0', '0', '1', '0', 0, '4.jpg', 23, '', '', 'Lamart', 'зеленый'),
(431, 'Гладилка для белья', 13, 200, '0', '1', '0', '0', 0, '5.jpg', 23, '', '', 'Lamart', 'розовый'),
(432, 'Фотоаппарат', 16, 1000, '0', '0', '0', '0', 0, '4.jpg', 23, '', '', 'Coolpix', 'фиолетовый'),
(433, 'Шампунь', 6, 100, '0', '0', '0', '0', 0, '2.png', 23, '', '', 'Hair', '-'),
(434, 'Шампунь ', 6, 200, '0', '0', '1', '0', 0, '3.jpg', 23, '', '', 'TRESemme', '-'),
(435, 'Шампунь', 6, 180, '0', '0', '0', '0', 0, '4.jpg', 12, '', '', 'L\'Oreal', '-'),
(436, 'Крем для тела', 7, 35, '0', '1', '0', '0', 0, '3.jpg', 2, '', '', 'Dove', '-'),
(437, 'Молочко для тела', 7, 128, '0', '1', '0', '0', 0, '4.jpeg', 23, '', '', 'Garnier', '-'),
(438, 'Шампунь для мужчин', 8, 140, '0', '0', '0', '0', 0, '4.jpg', 12, '', '', 'L\'Oreal', '-'),
(439, 'Помада для губ', 9, 200, '0', '1', '0', '0', 0, '3.jpg', 23, '', '', 'Art-Veage', 'розовый'),
(440, 'Помада для губ', 9, 125, '0', '0', '0', '0', 0, '4.jpg', 2, '', '', 'Art-Veage', 'матовый'),
(441, 'Дезодорант', 11, 28, '0', '0', '0', '0', 0, '4.jpg', 2, '', '', 'Rexona', '-'),
(442, 'Samsung TR89', 15, 12000, '1', '0', '1', '0', 0, '20.jpg', 4, '<p>самый лучший</p>', '<p>нормальный</p>', 'Samsung', 'голубой'),
(443, 'каструля', 2, 2500, '0', '0', '1', '0', 0, '16.jpg', 4, '', '', 'Braun ', '-');

-- --------------------------------------------------------

--
-- Структура таблицы `promotion`
--

CREATE TABLE `promotion` (
  `id` int(11) NOT NULL,
  `value_promotion` text NOT NULL,
  `end_date` date NOT NULL,
  `left_block` varchar(255) NOT NULL,
  `title` varchar(255) NOT NULL,
  `type` varchar(255) NOT NULL,
  `promotion_discount` enum('1','0') NOT NULL DEFAULT '0',
  `promotion_offer` enum('1','0') NOT NULL DEFAULT '0',
  `promotion_minus` enum('1','0') NOT NULL DEFAULT '0',
  `promotion_discount_value` int(11) NOT NULL DEFAULT '0'
) ENGINE=InnoDB DEFAULT CHARSET=utf8;

--
-- Дамп данных таблицы `promotion`
--

INSERT INTO `promotion` (`id`, `value_promotion`, `end_date`, `left_block`, `title`, `type`, `promotion_discount`, `promotion_offer`, `promotion_minus`, `promotion_discount_value`) VALUES
(1, 'Экономьте до половины стоимости ноутбука, при наличии мелких царапин на корпусе или поврежденной упаковке. Ищите предложение в разделе \"Уценка\".', '2019-02-28', '500 ₴', 'Скидка на ноутбуки до 500 гривен за мелкие царапины на корпусе!', 'Максимальная скидка', '0', '0', '1', 500),
(2, 'Только в этом месяце, сэкономьте при покупке смартфона до 2000 грн. Ищите акционные смартфоны в разделах \"Распродажа\" или \"Акция\".', '2019-03-28', '200 ₴', 'Скидка до 200 гривен на Prestigio!', 'Максимальная скидка', '0', '0', '1', 200),
(3, 'Оформите беспроцентный кредит, при покупке акционных товаров. Рассрочка на 6, 10, или 12 месяцев.', '2019-03-28', 'best_offer.jpg', 'Беспроцентный кредит на акционные товары!', 'Уникальное предложение', '0', '1', '0', 0),
(4, '\nАкцияУНИКАЛЬНОЕ ПРЕДЛОЖЕНИЕ\nДелайте покупки в интернет-магазине AllPan и получите скидку до 80%. Не упустите возможность крупно сэкономить!', '2019-03-28', 'best_offer.jpg', 'Не пропустите!Эксклюзивные предложение от магазина! ', 'Уникальное предложение', '0', '1', '0', 0),
(5, '', '2019-03-28', '40 %', 'Скидки до 40% на детские конструкторы LEGO!', 'Только у нас', '1', '0', '0', 40);

-- --------------------------------------------------------

--
-- Структура таблицы `rating`
--

CREATE TABLE `rating` (
  `rating_id` int(11) NOT NULL,
  `product_id` int(11) NOT NULL,
  `rating` float NOT NULL,
  `ip_address` varchar(700) NOT NULL
) ENGINE=InnoDB DEFAULT CHARSET=utf8;

--
-- Дамп данных таблицы `rating`
--

INSERT INTO `rating` (`rating_id`, `product_id`, `rating`, `ip_address`) VALUES
(1, 1, 1, '185.11.29.199'),
(2, 2, 2, '0'),
(3, 2, 3, '0'),
(4, 3, 4, '0'),
(5, 4, 5, '0'),
(6, 5, 4, '0'),
(7, 7, 4, '0'),
(8, 8, 3, '0'),
(9, 1, 4, '0'),
(10, 1, 3, '0'),
(11, 392, 4, '0'),
(12, 307, 2, '0'),
(13, 10, 2, '0'),
(14, 9, 1, '0'),
(15, 6, 5, '0'),
(16, 6, 1, '0'),
(17, 2, 4, '185.11.29.187'),
(49, 2, 4, '185.11.29.187'),
(50, 2, 4, '185.11.29.187'),
(51, 2, 4, '185.11.29.187'),
(52, 3, 4.5, '185.11.29.187'),
(53, 336, 3, '185.11.29.187'),
(54, 395, 2.5, '185.11.29.167'),
(55, 334, 3, '185.11.29.163'),
(56, 335, 3, '185.11.29.149'),
(57, 381, 5, '185.11.29.149'),
(58, 373, 4, '185.11.29.149');

-- --------------------------------------------------------

--
-- Структура таблицы `review`
--

CREATE TABLE `review` (
  `id` int(11) NOT NULL,
  `name` varchar(255) NOT NULL,
  `review` varchar(500) NOT NULL,
  `product_id` int(11) NOT NULL,
  `ip_address` varchar(500) NOT NULL,
  `accepted` int(11) NOT NULL
) ENGINE=InnoDB DEFAULT CHARSET=utf8;

--
-- Дамп данных таблицы `review`
--

INSERT INTO `review` (`id`, `name`, `review`, `product_id`, `ip_address`, `accepted`) VALUES
(2, 'oksana', 'очень хороший телефон.Осталась довольна!', 4, '185.11.29.210', 1),
(4, 'petro', 'Плохо работают динамики...', 4, '185.11.29.210', 1),
(5, 'vova', 'нормальний телефон', 5, '185.11.29.210', 1),
(6, 'ира', 'не рекомендую этот телефон', 6, '185.11.29.210', 1),
(7, 'olga', 'поганий товар!', 336, '185.11.29.187', 1),
(8, 'niki', 'нормальный телефон', 336, '185.11.29.187', 1),
(9, 'pedro', 'the bast', 336, '185.11.29.187', 1),
(10, 'andrea', 'too bad', 336, '185.11.29.187', 0),
(11, 'oleksa', 'плохие динамики', 336, '185.11.29.187', 0),
(12, 'marta', 'not bad', 336, '185.11.29.187', 0),
(13, 'adfas', 'sadfsD', 336, '185.11.29.187', 0),
(14, 'fas', 'asdf', 336, '185.11.29.187', 0),
(15, 'dsvf', 'sdv', 336, '185.11.29.187', 0),
(16, 'dgsf', 'sdfg', 336, '185.11.29.187', 0),
(17, 'tw', 'ert', 336, '185.11.29.187', 0),
(18, 'sdfsa', 'asdfs', 336, '185.11.29.187', 0),
(19, 'ew', 'waef', 336, '185.11.29.187', 0),
(20, 'dsf', 'adf', 336, '185.11.29.187', 0),
(21, 'sdf', 'asdf', 336, '185.11.29.187', 0),
(22, 'df', 'asdf', 336, '185.11.29.187', 0),
(23, 'asd', 'asda', 336, '185.11.29.187', 0),
(24, 'g', 'fgds', 336, '185.11.29.187', 0),
(25, 's', 'ss', 336, '185.11.29.187', 0),
(26, 'sad', 'asd', 336, '185.11.29.187', 0),
(27, 'ge', 'eg', 336, '185.11.29.187', 0),
(28, 'GD', 'SDGD', 336, '185.11.29.187', 0),
(29, 'AS', 'asf', 336, '185.11.29.187', 0),
(30, 'asd', 'aSDs', 336, '185.11.29.187', 0),
(31, 'sd', 'sds', 336, '185.11.29.187', 0),
(32, 'fwe', 'fqwe', 336, '185.11.29.187', 0),
(33, 'sad', 'asd', 336, '185.11.29.187', 0),
(34, 'qed', 'qwd', 336, '185.11.29.187', 0),
(35, 'qedf', 'qwd', 336, '185.11.29.187', 0),
(36, '34tr', 'qwt', 336, '185.11.29.187', 0),
(37, 'QWR', 'qwr', 336, '185.11.29.187', 0),
(38, 'dfg', 'asdg', 336, '185.11.29.187', 0),
(39, '546', '546', 336, '185.11.29.187', 0),
(40, 'ret', 'ert', 336, '185.11.29.187', 0),
(41, '78i7', 'uikou', 395, '185.11.29.167', 0);

-- --------------------------------------------------------

--
-- Структура таблицы `salary`
--

CREATE TABLE `salary` (
  `id` int(11) NOT NULL,
  `worker_id` int(11) NOT NULL,
  `worked_days` int(11) NOT NULL,
  `bonus` enum('1','0') NOT NULL
) ENGINE=InnoDB DEFAULT CHARSET=utf8;

--
-- Дамп данных таблицы `salary`
--

INSERT INTO `salary` (`id`, `worker_id`, `worked_days`, `bonus`) VALUES
(1, 1, 20, '1'),
(2, 2, 19, '0'),
(3, 3, 18, '0'),
(4, 4, 20, '0'),
(5, 5, 19, '0'),
(6, 6, 20, '1'),
(7, 7, 20, '0'),
(8, 8, 19, '0'),
(9, 9, 20, '1'),
(10, 10, 19, '0'),
(11, 11, 10, '0'),
(12, 12, 18, '0'),
(13, 13, 16, '0'),
(14, 14, 17, '1'),
(15, 15, 16, '0'),
(16, 16, 17, '1'),
(17, 17, 19, '0'),
(18, 18, 19, '0'),
(19, 19, 20, '0'),
(20, 20, 17, '1'),
(21, 21, 16, '0'),
(22, 22, 18, '0'),
(23, 23, 20, '0'),
(24, 24, 20, '0'),
(25, 25, 16, '0'),
(26, 26, 18, '0'),
(27, 27, 20, '1');

-- --------------------------------------------------------

--
-- Структура таблицы `schedule_of_delivery`
--

CREATE TABLE `schedule_of_delivery` (
  `id` int(11) NOT NULL,
  `address` varchar(255) NOT NULL,
  `date` date NOT NULL,
  `time` time NOT NULL,
  `city_id` int(11) NOT NULL,
  `supplier_id` int(11) NOT NULL
) ENGINE=InnoDB DEFAULT CHARSET=utf8;

--
-- Дамп данных таблицы `schedule_of_delivery`
--

INSERT INTO `schedule_of_delivery` (`id`, `address`, `date`, `time`, `city_id`, `supplier_id`) VALUES
(1, 'г.Одесса, ул.Красная 78', '2019-01-14', '09:00:00', 3, 1),
(2, 'г.Киев,ул.Виноградская 23', '2019-01-17', '12:00:00', 1, 2),
(3, 'г.Львов, ул.Поштовая 56', '2019-01-19', '13:00:00', 2, 3),
(4, 'г.Житомер ул.Златоустовская 6', '2019-01-17', '08:00:00', 4, 4),
(5, 'г.Ровно ул.Петровская 4', '2019-01-13', '16:00:00', 5, 5),
(6, 'г.Харьков ул.Мицкевыча 78', '2019-01-14', '18:00:00', 6, 6),
(7, 'г.Луцк ул.Пышная 8', '2019-01-15', '09:00:00', 7, 7),
(8, 'г.Винница ул.Сванча 2', '2019-01-17', '19:00:00', 8, 8),
(9, 'г.Николаев ул.Петпавловская 92', '2019-01-15', '12:00:00', 9, 9),
(10, 'г. Запорожье ул Петровкая 23', '2019-01-17', '12:00:00', 10, 10),
(14, 'г.Здолбунов ул Зеленая 23', '2019-01-18', '12:00:00', 11, 11),
(15, 'г.Мизоч ул Саранча 89', '2019-01-19', '12:00:00', 12, 12),
(16, 'г.Херсон ул.Милкевич 90', '2019-01-13', '12:00:00', 13, 13),
(17, 'г.Севастополь ул.Волгов 2345', '2019-01-14', '12:00:00', 14, 14),
(18, 'г. Луганск ул.Дробыв 23', '2019-01-15', '12:00:00', 15, 15),
(19, 'г.Донецк ул.Жилка 134', '2019-01-16', '12:00:00', 16, 16),
(20, 'г.Луцк ул. Лотовка 283', '2019-01-16', '12:00:00', 7, 7),
(21, 'г.Херсонес ул.Праввок 345', '2019-01-15', '12:00:00', 17, 18),
(22, 'г.Черкассы ул.Лотовка 2839', '2019-01-17', '12:00:00', 18, 19),
(23, 'г.Суммы ул.Черниговская 89', '2019-01-18', '12:00:00', 19, 20),
(24, 'г.Чернигов ул.Крашко 89', '2019-01-19', '12:00:00', 20, 21),
(25, 'г.Черновцы ул.Кращенко 23', '2019-01-18', '12:00:00', 21, 22),
(26, 'г.Тернополь ул.Мраженко 89', '2019-01-18', '12:00:00', 22, 23),
(27, 'г.Хмельницкий ул.Храменко 12', '2019-01-19', '12:00:00', 23, 24),
(28, 'г.Одесса ул.Циганская 19', '2019-01-13', '12:00:00', 24, 25),
(29, 'г.Кировоград ул.Дубенская 92', '2019-01-14', '12:00:00', 25, 26),
(30, 'г.Ивано-Франковск ул.конская 92', '2019-01-14', '12:00:00', 26, 27),
(99, 'г.Одесса, ул.Красная 78', '2019-01-05', '12:00:00', 3, 3),
(100, 'г.Житомер ул.Златоустовская 6', '2019-01-03', '10:00:00', 4, 7),
(101, 'г.Ровно ул.Петровская 4', '2019-01-11', '00:00:00', 5, 5),
(102, 'г.Ровно ул.Петровская 4', '2019-01-11', '00:00:00', 5, 5);

-- --------------------------------------------------------

--
-- Структура таблицы `small_images`
--

CREATE TABLE `small_images` (
  `id` int(11) NOT NULL,
  `name` varchar(255) NOT NULL,
  `product_id` int(11) NOT NULL
) ENGINE=InnoDB DEFAULT CHARSET=utf8;

--
-- Дамп данных таблицы `small_images`
--

INSERT INTO `small_images` (`id`, `name`, `product_id`) VALUES
(9, '5_1.jpg', 5),
(10, '5_2.jpg', 5),
(11, '5_3.jpg', 5),
(12, '6_1.jpg', 6),
(13, '6_2.jpg', 6),
(14, '6_3.jpg', 6),
(15, '7_1.jpg', 7),
(16, '7_2.jpg', 7),
(17, '7_3.jpg', 7),
(18, '9_1.jpg', 9),
(19, '10_1.jpg', 10),
(20, '10_2.jpg', 10),
(21, '11_1.jpg', 11),
(22, '11_2.jpg', 11),
(26, '4.jpg', 4),
(27, '5.jpg', 5),
(28, '6.jpg', 6),
(29, '7.jpg', 7),
(30, '8.jpg', 8),
(31, '9.jpg', 9),
(32, '10.jpg', 10),
(33, '11.jpg', 11),
(2158, '38192013_503685380076425_3971927983735701504_n.jpg', 148),
(2159, '40215291_263094941007827_4615053539075424256_n.jpg', 149),
(2167, '15_1.jpg', 208),
(2169, '15_2.jpg', 207),
(2173, '8.jpg', 210),
(2174, '8.jpg', 209),
(2177, '6c498c8da5ed9546939bd0f2a19ba37d.jpg', 211),
(2179, '2.jpg', 217),
(2180, '2.jpg', 218),
(2181, '2.jpg', 219),
(2182, '6.jpg', 218),
(2183, '6.jpg', 217),
(2184, '6.jpg', 219),
(2185, '8.jpg', 217),
(2186, '8.jpg', 219),
(2187, '8.jpg', 218),
(2188, '2.jpg', 219),
(2189, '2.jpg', 218),
(2190, '2.jpg', 217),
(2191, '1.jpg', 217),
(2192, '1.jpg', 218),
(2193, '1.jpg', 219),
(2194, '7.jpg', 218),
(2195, '7.jpg', 219),
(2196, '7.jpg', 217),
(2197, '6c498c8da5ed9546939bd0f2a19ba37d.jpg', 217),
(2198, '6c498c8da5ed9546939bd0f2a19ba37d.jpg', 219),
(2199, '6c498c8da5ed9546939bd0f2a19ba37d.jpg', 218),
(2200, '1 (1).jpg', 217),
(2201, '1 (1).jpg', 218),
(2202, '1 (1).jpg', 219),
(2203, '6.jpg', 219),
(2204, '6.jpg', 217),
(2205, '6.jpg', 218),
(2206, '8.jpg', 217),
(2207, '8.jpg', 219),
(2208, '8.jpg', 218),
(2209, '7.jpg', 217),
(2210, '7.jpg', 218),
(2211, '7.jpg', 219),
(2212, '8.jpg', 218),
(2213, '8.jpg', 217),
(2214, '8.jpg', 219),
(2215, '7.jpg', 218),
(2216, '7.jpg', 219),
(2217, '7.jpg', 217),
(2218, '6c498c8da5ed9546939bd0f2a19ba37d.jpg', 219),
(2219, '6c498c8da5ed9546939bd0f2a19ba37d.jpg', 217),
(2220, '6c498c8da5ed9546939bd0f2a19ba37d.jpg', 218),
(2221, '8.jpg', 217),
(2222, '8.jpg', 218),
(2223, '8.jpg', 219),
(2224, '2.jpg', 217),
(2225, '2.jpg', 218),
(2226, '2.jpg', 219),
(2227, '1.jpg', 218),
(2228, '1.jpg', 217),
(2229, '1.jpg', 219),
(2230, '1.jpeg', 217),
(2231, '1.jpeg', 219),
(2233, '01_urjD48M.jpg', 226),
(2269, '1 (1).jpg', 260),
(2271, '1.jpg', 261),
(2272, '2.jpg', 262),
(2273, '1 (1).jpg', 263),
(2274, '7.jpg', 264),
(2275, '1.jpeg', 265),
(2277, '1.jpg', 266),
(2279, '7.jpg', 267),
(2280, '12.jpg', 268),
(2281, '11.jpg', 269),
(2282, '3.jpg', 270),
(2285, '1.jpeg', 271),
(2290, '6c498c8da5ed9546939bd0f2a19ba37d.jpg', 272),
(2292, '1 (1).jpg', 273),
(2293, '6c498c8da5ed9546939bd0f2a19ba37d.jpg', 274),
(2294, '6c498c8da5ed9546939bd0f2a19ba37d.jpg', 276),
(2295, '1.jpeg', 275),
(2308, '1 (1).jpg', 289),
(2309, '7.jpg', 290),
(2311, '7.jpg', 292),
(2312, '7.jpg', 293),
(2313, '8.jpg', 294),
(2560, '2_2.jpg', 310),
(2562, '2_1.jpg', 310),
(2563, '2_3.jpg', 310),
(2564, '1_1.JPG', 309),
(2565, '1_1.jpg', 313),
(2566, '1_1.jpg', 317),
(2567, '1_1.jpg', 330),
(2568, '1_1.jpg', 334),
(2569, '3_1.jpg', 336),
(2570, '3_2.jpg', 336),
(2571, '3_3.jpg', 336),
(2572, '3_4.jpg', 336),
(2573, '3_5.jpg', 336),
(2574, '3_6.jpg', 336),
(2575, '1_1.jpg', 371),
(2576, '1_2.jpg', 371),
(2577, '1_3.jpg', 371),
(2578, '1_1.jpg', 389),
(2579, '1_2.jpg', 389),
(2580, '1_3.jpg', 389),
(2581, '2_1.jpg', 390),
(2583, '3.jpg', 0),
(2584, '3.jpg', 0),
(2585, '2.jpg', 0),
(2586, '3.jpg', 0),
(2587, '3.jpg', 0),
(2588, '3.jpg', 0),
(2589, '2.jpg', 0),
(2590, '2.jpg', 0),
(2593, '1.jpeg', 0),
(2594, '1 (1).jpg', 0),
(2630, '7.jpg', 3),
(2631, '8.jpg', 307),
(2633, '11.jpg', 331),
(2634, '7.jpg', 307),
(2635, '6.jpg', 307),
(2636, '7.jpg', 392),
(2637, '16.jpg', 392),
(2640, '16.jpg', 3),
(2650, '13.jpg', 2),
(2654, '14.jpg', 2),
(2655, '17.jpg', 2),
(2678, '14.jpg', 1),
(2697, '18.png', 1),
(2704, '6.jpg', 1),
(2705, '8.jpg', 1),
(2706, '14.jpg', 4),
(2707, '15.jpg', 442),
(2709, '18.png', 442),
(2710, '16.jpg', 295);

-- --------------------------------------------------------

--
-- Структура таблицы `special_offer`
--

CREATE TABLE `special_offer` (
  `id` int(11) NOT NULL,
  `product_id` int(11) NOT NULL,
  `end_date` date NOT NULL
) ENGINE=InnoDB DEFAULT CHARSET=utf8;

--
-- Дамп данных таблицы `special_offer`
--

INSERT INTO `special_offer` (`id`, `product_id`, `end_date`) VALUES
(1, 5, '2018-11-08'),
(2, 2, '2019-01-22'),
(3, 3, '2018-11-28'),
(4, 6, '2018-11-28'),
(5, 8, '2018-11-26'),
(6, 10, '2018-11-20'),
(7, 12, '2018-11-06'),
(8, 13, '2018-11-27'),
(9, 297, '2018-12-21'),
(10, 298, '1970-01-01'),
(11, 340, '2019-03-04'),
(12, 341, '2019-04-30'),
(13, 342, '2019-03-06'),
(14, 343, '2019-03-08'),
(15, 345, '2019-03-27'),
(16, 344, '2019-04-02'),
(17, 346, '2019-02-04'),
(18, 401, '2019-03-06'),
(19, 397, '2019-01-25'),
(20, 1, '2019-01-25');

-- --------------------------------------------------------

--
-- Структура таблицы `supplier`
--

CREATE TABLE `supplier` (
  `id` int(11) NOT NULL,
  `supplier` varchar(255) NOT NULL,
  `info` text NOT NULL,
  `department` int(11) NOT NULL
) ENGINE=InnoDB DEFAULT CHARSET=utf8;

--
-- Дамп данных таблицы `supplier`
--

INSERT INTO `supplier` (`id`, `supplier`, `info`, `department`) VALUES
(1, 'Woodentoys', '+380994563444\nСенельников Петро\nигрушки для детей', 36),
(2, 'ООО «Топас Украина»', '+380978883423 Саботник Николай стройматериалы', 23),
(3, 'Компания «Гейзер', '+380973534461                                      Вичков МихаилСантехника', 21),
(4, 'Новий Світ', '+380996981291\nНикан Виктор\nлакокрасочные ', 22),
(5, 'Vodeko', '+380996981290\nПетрушкин Виктор\nИнструменты для ремонта', 23),
(6, 'ТОВ \"Ватер Поинт\"', '+380997846263\nВовков Владимир\nСтроительная химия', 24),
(7, 'ЧП\"Электромашкомплект\"', '+380997342263\nВовков Влад\nСтроительные крепления', 25),
(8, 'ООО ВИНЗОР', '+380978789234                                      Самчук ПетроКухня', 2),
(9, 'Сильвер клин', '+380978789234                                     \n Климчук ПетроМебель', 3),
(10, '	ООО \"ВСЛ\"', '+380978786124                                      \n Савчик МитяйТекстиль', 4),
(11, 'x-torg', '+380978231234\nГерасименко Иван\nУход за волосами', 6),
(12, 'Стожары Дропшиппинг', '+380978231213\nВищук Надежда\nУход за телом', 7),
(13, 'VIGA', '+380978231333\nГерман Лиля\nКосметика для мужчин', 8),
(14, 'TipTop Chemicals', '+380978231265\nВитрук Николай\nДекоративная косметика', 9),
(15, 'ГАРНА ГОСПОДАРОЧКА', '+380978231981\nДовженко Александр\nУход за лицом', 10),
(16, 'Lorane', '+380978231623                                     Анисимов КириллГигиена', 11),
(17, 'Энергия', '+380978231981\nКрамник Юрий\nБытовая техника', 13),
(18, '	Mikromiss', '+380978231981\nКозаченко Экатерина\nАудио и видеотехника', 14),
(19, 'Покупка в радость', '+380978231981\nПращук Костя\nТелефоны,компьютеры', 15),
(20, 'ООО \"Сувенир\"', '+380978231265\nКлименко Анна\nФототехника и аксессуары', 16),
(21, 'ЕкоБіоЗахист', '+380978231231\nПолищук Виктор\nКанцелярские товары', 18),
(22, 'Silk Group', '+380978231265                                    Прокопчук ИванКниги', 19),
(23, 'САМИСТ', '+380978231231\nПилипчук Иван\nГигиена и уход за животными', 27),
(24, 'Triniti', '+380978237821\nКолян Виктор\nАксессуары для животных', 28),
(25, 'опт xhose', '+380978231442\nВиренчук Анатолий\nИгрушки для животных', 29),
(26, 'Иммортель', '+380978231442\nЛинчук Леонид\nТовары для кормления', 31),
(27, 'Odorgone Ukraine', '+380978231442                                        Арчук НинаКоляски', 32),
(28, 'Fine-product', '+380978231165\nРоманюк Степан\nДетская гигиена и уход', 33),
(29, 'ООО \"Биоритмик Юкрейн\"', '+380978231254\nРоманюк Роман\nТовары для купания', 34),
(30, 'Primier', '+380978231352\nСтупчик Юрий\nТовары для кормления', 35),
(31, 'ООО ПТК \"ЭРА\"', '+380978231789\nМихалевич Николай\nИгрушки', 36);

-- --------------------------------------------------------

--
-- Структура таблицы `treeview_items`
--

CREATE TABLE `treeview_items` (
  `id` int(11) NOT NULL,
  `name` varchar(255) NOT NULL,
  `parent_id` varchar(11) NOT NULL
) ENGINE=InnoDB DEFAULT CHARSET=utf8;

--
-- Дамп данных таблицы `treeview_items`
--

INSERT INTO `treeview_items` (`id`, `name`, `parent_id`) VALUES
(1, 'USA', '0'),
(2, 'Canada', '0'),
(3, 'Australia', '0'),
(4, 'New York', '1'),
(5, 'Alabama', '1'),
(6, 'California', '1'),
(7, 'Ontario', '2'),
(8, 'British Columbia', '2'),
(9, 'New South Wales', '3'),
(10, 'Queensland', '3'),
(11, 'New York city', '4'),
(12, 'Buffalo', '4'),
(13, 'Albany', '4'),
(14, 'Birmingham', '5'),
(15, 'Montgomery', '5'),
(16, 'Huntsville', '5'),
(17, 'Los Angeles', '6'),
(18, 'San Francisco', '6'),
(19, 'San Diego', '6'),
(20, 'Toronto', '7'),
(21, 'Ottawa', '7'),
(22, 'Vancouver', '8'),
(23, 'Victoria', '8'),
(24, 'Sydney', '9'),
(25, 'Newcastle', '9'),
(26, 'City of Brisbane', '10'),
(27, 'Gold Coast', '10');

-- --------------------------------------------------------

--
-- Структура таблицы `users`
--

CREATE TABLE `users` (
  `id` int(11) NOT NULL,
  `name` varchar(255) DEFAULT 'guest',
  `password` varchar(255) NOT NULL,
  `lastname` varchar(255) DEFAULT NULL,
  `patronymic` varchar(255) DEFAULT NULL,
  `birthday` date DEFAULT NULL,
  `email` varchar(255) DEFAULT NULL,
  `ip_address` varchar(500) NOT NULL
) ENGINE=InnoDB DEFAULT CHARSET=utf8;

--
-- Дамп данных таблицы `users`
--

INSERT INTO `users` (`id`, `name`, `password`, `lastname`, `patronymic`, `birthday`, `email`, `ip_address`) VALUES
(7, 'guest', '', NULL, NULL, NULL, 'sd@gmail.com', '127.0.0.1'),
(136, 'admin', '111111', '', '', '1997-12-10', 'pedro1@gmail.com', '185.11.29.210'),
(240, 'Шарлотта', '000', 'undefined', 'undefined', '1970-07-01', 'pedro@gmail.com', '127.0.0.1'),
(241, 'Бити', '555', 'undefined', 'undefined', '1994-01-01', 'pedro5@gmail.com', '127.0.0.1'),
(242, 'Габриэлла ', '444', 'undefined', 'undefined', '1999-06-01', 'pedro4@gmail.com', '127.0.0.1'),
(243, 'Ревекка', '222', 'undefined', 'undefined', '2000-01-01', 'pedro2@gmail.com', '127.0.0.1'),
(244, 'Шейна', '333', 'undefined', 'undefined', '1985-05-01', 'pedro3@gmail.com', '127.0.0.1'),
(245, 'Грасия', '999', 'undefined', 'undefined', '1986-01-01', 'pedro9@gmail.com', '127.0.0.1'),
(246, 'Кармелита', 'rrr', 'undefined', 'undefined', '1985-04-01', 'pedro7@gmail.com', '127.0.0.1'),
(247, 'gjtlff', 'tttt', 'undefined', 'undefined', '1989-02-01', 'pedro15@gmail.com', '127.0.0.1'),
(254, 'guest', '111', NULL, NULL, NULL, 'djkl@gmail.com', '185.11.29.210'),
(255, 'guest', '11', NULL, NULL, NULL, 'djksl@gmail.com', '185.11.29.199'),
(256, 'guest', '11', NULL, NULL, NULL, 'askl@gmail.com', '185.11.29.170'),
(257, 'guest', '11', NULL, NULL, NULL, 'dcv@gmail.com', '185.11.29.155'),
(258, 'guest', '11', NULL, NULL, NULL, 'jkl@gmail.com', '185.11.29.166'),
(259, 'guest', '11', NULL, NULL, NULL, 'djkl@gmail.comsd', '185.11.29.177'),
(260, 'guest', '11', NULL, NULL, NULL, 'djserfdc@gmail.com', '185.11.29.167'),
(261, 'sdf', '111111', 'undefined', 'undefined', '1970-01-01', 'pedro1354@gmail.com', '127.0.0.1'),
(262, 'jura', '111111', 'undefined', 'undefined', '1970-01-01', 'pedro145@gmail.com', '127.0.0.1'),
(263, 'asd', '111111', 'undefined', 'undefined', '1970-01-01', 'pedro1@gmail.comsdfas', '127.0.0.1'),
(264, 'guest', '', NULL, NULL, NULL, NULL, '185.11.29.163'),
(265, 'guest', '', NULL, NULL, NULL, NULL, '185.11.29.149');

-- --------------------------------------------------------

--
-- Структура таблицы `viewed_products`
--

CREATE TABLE `viewed_products` (
  `id` int(11) NOT NULL,
  `user_id` int(11) NOT NULL,
  `ids_viewed_products` int(11) NOT NULL,
  `ip_address` varchar(500) NOT NULL
) ENGINE=InnoDB DEFAULT CHARSET=utf8;

--
-- Дамп данных таблицы `viewed_products`
--

INSERT INTO `viewed_products` (`id`, `user_id`, `ids_viewed_products`, `ip_address`) VALUES
(4, 253, 4, '127.0.0.1'),
(5, 7, 3, '127.0.0.1'),
(6, 7, 1, '127.0.0.1'),
(7, 254, 4, '185.11.29.210'),
(8, 254, 3, '185.11.29.210'),
(9, 254, 5, '185.11.29.210'),
(10, 254, 7, '185.11.29.210'),
(11, 254, 6, '185.11.29.210'),
(12, 255, 10, '185.11.29.199'),
(13, 255, 206, '185.11.29.199'),
(14, 256, 8, '185.11.29.170'),
(15, 256, 3, '185.11.29.170'),
(16, 256, 6, '185.11.29.170'),
(17, 256, 1, '185.11.29.170'),
(18, 256, 11, '185.11.29.170'),
(19, 256, 227, '185.11.29.170'),
(20, 256, 234, '185.11.29.170'),
(21, 256, 235, '185.11.29.170'),
(22, 256, 260, '185.11.29.170'),
(23, 257, 299, '185.11.29.155'),
(24, 257, 1, '185.11.29.155'),
(25, 257, 295, '185.11.29.155'),
(26, 258, 321, '185.11.29.166'),
(27, 259, 3, '185.11.29.177'),
(28, 259, 6, '185.11.29.177'),
(29, 259, 1, '185.11.29.177'),
(30, 260, 307, '185.11.29.187'),
(31, 260, 1, '185.11.29.187'),
(32, 260, 2, '185.11.29.187'),
(33, 260, 3, '185.11.29.187'),
(34, 260, 336, '185.11.29.187'),
(35, 260, 1, '185.11.29.167'),
(36, 260, 331, '185.11.29.167'),
(37, 260, 2, '185.11.29.167'),
(38, 260, 334, '185.11.29.167'),
(39, 260, 311, '185.11.29.167'),
(40, 260, 333, '185.11.29.167'),
(41, 260, 378, '185.11.29.167'),
(42, 260, 395, '185.11.29.167'),
(43, 264, 335, '185.11.29.163'),
(44, 7, 335, '127.0.0.1'),
(45, 264, 334, '185.11.29.163'),
(46, 264, 418, '185.11.29.163'),
(47, 264, 318, '185.11.29.163'),
(48, 265, 335, '185.11.29.149'),
(49, 265, 381, '185.11.29.149'),
(50, 265, 373, '185.11.29.149'),
(51, 265, 408, '185.11.29.149');

-- --------------------------------------------------------

--
-- Структура таблицы `workers`
--

CREATE TABLE `workers` (
  `id` int(11) NOT NULL,
  `lastname` varchar(255) NOT NULL,
  `name` varchar(255) NOT NULL,
  `patronymic` varchar(255) NOT NULL,
  `birth_day` date NOT NULL,
  `salary` int(11) NOT NULL,
  `email` varchar(255) NOT NULL,
  `post_id` int(11) NOT NULL,
  `start_day` date NOT NULL
) ENGINE=InnoDB DEFAULT CHARSET=utf8;

--
-- Дамп данных таблицы `workers`
--

INSERT INTO `workers` (`id`, `lastname`, `name`, `patronymic`, `birth_day`, `salary`, `email`, `post_id`, `start_day`) VALUES
(1, 'Ротшильдad', 'Аарон', 'Вермович', '1990-08-17', 60000, 'gjtlff888@gmail.com', 1, '2000-01-01'),
(2, 'Ротшильд', 'Мойсей', 'Ааронович', '1999-02-08', 4500, 'moiseq@gmail.com', 2, '2000-01-01'),
(3, 'Рошаль', 'Тимофей', 'Тимофейович', '1998-08-23', 3500, 'timofey@gmail.com', 3, '2001-10-20'),
(4, 'Браун', 'Антонина', 'Бронивна', '1997-08-24', 3000, 'fyntonina@gmail.com', 4, '2000-10-30'),
(5, 'ewrQWER', 'RWER', 'werawr', '2018-11-28', 3421, 'asdfad', 5, '2018-11-22'),
(6, 'Ривко', 'Яков', 'Михаилович', '1995-08-15', 4000, 'jakov@gmail.com', 6, '2005-06-09'),
(7, 'Тамар', 'Иммануил', 'Петрович', '1994-08-29', 4500, 'petrovich@gmail.com', 7, '2010-01-10'),
(8, 'Мордух', 'Сима', 'Николаевна', '1993-08-21', 4000, 'sima@gmail.com', 8, '2015-09-27'),
(9, 'Швинах', 'Мария', 'Петровна', '1992-01-01', 3000, 'maria@gmail.com', 9, '2018-06-04'),
(10, 'Ицхак', 'Соломон', 'Володимирович', '1991-08-21', 4500, 'volodimir', 7, '2007-08-03'),
(11, 'Шмуэль', 'Сара', 'Андреевна', '1980-08-21', 4500, 'sara@gmail.com', 7, '2006-07-01'),
(12, 'Зинаидаq', 'Хая', 'Исааковна', '1990-08-13', 4500, 'haya@gmail.com', 9, '2001-12-20'),
(13, 'gjtlffsd', 'gjtlff', 'Александрович', '1975-09-03', 2434, 'gjtlff888@gmail.com', 7, '2003-10-10'),
(14, 'Маркович', 'Иван', 'Николаевич', '2000-09-21', 6000, 'markovich@gmail.com', 10, '2000-10-10'),
(15, 'Семенюк', 'Петро', 'Иванович', '1970-09-19', 3000, 'semenuk@gmail.com', 11, '2008-04-10'),
(16, 'Петросян', 'Василий', 'Васильевич', '1980-09-13', 2000, 'gjtlff888@gmail.com', 13, '2017-05-25'),
(17, 'Вернюк', 'Ира', 'Петровна', '1985-09-10', 2000, 'vernuk@gmail.com', 14, '2016-08-20'),
(18, 'Кринюк', 'Настя', 'Михайловна', '1974-09-19', 2000, 'krunuk@gmail.com', 12, '2015-09-04'),
(19, 'Станюк', 'Вера', 'Петровна', '1979-09-11', 2000, 'stanuk@gmail.com', 15, '2014-09-06'),
(20, 'Петренко', 'Геннадий', 'Анатолиевич', '1973-09-27', 1800, 'petrenko@gmail.com', 16, '2014-10-17'),
(21, 'Петрук', 'Микола', 'Степанович', '1984-09-12', 1800, 'petruk@gmail.com', 17, '2017-11-01'),
(22, 'Третяк', 'Оля', 'Николаевная', '1988-09-27', 1800, 'tretjak@gmail.com', 18, '2011-11-16'),
(23, 'Терещенко', 'Нина', 'Анатолиевна', '1983-09-28', 1700, 'teretschenko@gmail.com', 19, '2013-01-01'),
(24, 'Лящук', 'Дмитрий', 'Петрович', '1992-09-05', 1600, 'ljachuk@gmail.com', 20, '2012-02-04'),
(25, 'Панасюк', 'Людмила', 'Аркадиевная', '1989-09-18', 1500, 'panasuk@gmail.com', 21, '2000-01-06'),
(26, 'Романюк', 'Роман', 'Романович', '1990-09-26', 1400, 'romanjuk@gmail.com', 22, '2001-10-09'),
(27, 'Сердюк', 'Лиля', 'Михайловна', '1990-09-11', 1400, 'serdjuk@gmail.com', 23, '2007-12-10'),
(57, '', 'pedro12', '', '2018-12-30', 0, '', 13, '2018-12-30'),
(58, 'pedro', 'pedro', 'Rembo', '2018-12-30', 34, '', 13, '2018-12-30');

--
-- Индексы сохранённых таблиц
--

--
-- Индексы таблицы `about`
--
ALTER TABLE `about`
  ADD PRIMARY KEY (`id`);

--
-- Индексы таблицы `administrators`
--
ALTER TABLE `administrators`
  ADD PRIMARY KEY (`id`);

--
-- Индексы таблицы `animal`
--
ALTER TABLE `animal`
  ADD PRIMARY KEY (`id`);

--
-- Индексы таблицы `author`
--
ALTER TABLE `author`
  ADD PRIMARY KEY (`id`);

--
-- Индексы таблицы `book`
--
ALTER TABLE `book`
  ADD PRIMARY KEY (`id`);

--
-- Индексы таблицы `busy_animal`
--
ALTER TABLE `busy_animal`
  ADD PRIMARY KEY (`id`);

--
-- Индексы таблицы `cart`
--
ALTER TABLE `cart`
  ADD PRIMARY KEY (`id`);

--
-- Индексы таблицы `cities_deliveres`
--
ALTER TABLE `cities_deliveres`
  ADD PRIMARY KEY (`id`);

--
-- Индексы таблицы `city`
--
ALTER TABLE `city`
  ADD PRIMARY KEY (`id`);

--
-- Индексы таблицы `country`
--
ALTER TABLE `country`
  ADD PRIMARY KEY (`id`);

--
-- Индексы таблицы `department`
--
ALTER TABLE `department`
  ADD PRIMARY KEY (`id`);

--
-- Индексы таблицы `discount`
--
ALTER TABLE `discount`
  ADD PRIMARY KEY (`id`);

--
-- Индексы таблицы `news`
--
ALTER TABLE `news`
  ADD PRIMARY KEY (`id`);

--
-- Индексы таблицы `orders`
--
ALTER TABLE `orders`
  ADD PRIMARY KEY (`id`);

--
-- Индексы таблицы `posts`
--
ALTER TABLE `posts`
  ADD PRIMARY KEY (`id`);

--
-- Индексы таблицы `products`
--
ALTER TABLE `products`
  ADD PRIMARY KEY (`id`);

--
-- Индексы таблицы `promotion`
--
ALTER TABLE `promotion`
  ADD PRIMARY KEY (`id`);

--
-- Индексы таблицы `rating`
--
ALTER TABLE `rating`
  ADD PRIMARY KEY (`rating_id`);

--
-- Индексы таблицы `review`
--
ALTER TABLE `review`
  ADD PRIMARY KEY (`id`);

--
-- Индексы таблицы `salary`
--
ALTER TABLE `salary`
  ADD PRIMARY KEY (`id`);

--
-- Индексы таблицы `schedule_of_delivery`
--
ALTER TABLE `schedule_of_delivery`
  ADD PRIMARY KEY (`id`);

--
-- Индексы таблицы `small_images`
--
ALTER TABLE `small_images`
  ADD PRIMARY KEY (`id`);

--
-- Индексы таблицы `special_offer`
--
ALTER TABLE `special_offer`
  ADD PRIMARY KEY (`id`);

--
-- Индексы таблицы `supplier`
--
ALTER TABLE `supplier`
  ADD PRIMARY KEY (`id`);

--
-- Индексы таблицы `treeview_items`
--
ALTER TABLE `treeview_items`
  ADD PRIMARY KEY (`id`);

--
-- Индексы таблицы `users`
--
ALTER TABLE `users`
  ADD PRIMARY KEY (`id`);

--
-- Индексы таблицы `viewed_products`
--
ALTER TABLE `viewed_products`
  ADD PRIMARY KEY (`id`);

--
-- Индексы таблицы `workers`
--
ALTER TABLE `workers`
  ADD PRIMARY KEY (`id`);

--
-- AUTO_INCREMENT для сохранённых таблиц
--

--
-- AUTO_INCREMENT для таблицы `about`
--
ALTER TABLE `about`
  MODIFY `id` int(11) NOT NULL AUTO_INCREMENT, AUTO_INCREMENT=2;

--
-- AUTO_INCREMENT для таблицы `administrators`
--
ALTER TABLE `administrators`
  MODIFY `id` int(11) NOT NULL AUTO_INCREMENT, AUTO_INCREMENT=19;

--
-- AUTO_INCREMENT для таблицы `animal`
--
ALTER TABLE `animal`
  MODIFY `id` int(11) NOT NULL AUTO_INCREMENT, AUTO_INCREMENT=101;

--
-- AUTO_INCREMENT для таблицы `author`
--
ALTER TABLE `author`
  MODIFY `id` int(11) NOT NULL AUTO_INCREMENT, AUTO_INCREMENT=9;

--
-- AUTO_INCREMENT для таблицы `book`
--
ALTER TABLE `book`
  MODIFY `id` int(11) NOT NULL AUTO_INCREMENT, AUTO_INCREMENT=9;

--
-- AUTO_INCREMENT для таблицы `busy_animal`
--
ALTER TABLE `busy_animal`
  MODIFY `id` int(11) NOT NULL AUTO_INCREMENT;

--
-- AUTO_INCREMENT для таблицы `cart`
--
ALTER TABLE `cart`
  MODIFY `id` int(11) NOT NULL AUTO_INCREMENT, AUTO_INCREMENT=108;

--
-- AUTO_INCREMENT для таблицы `cities_deliveres`
--
ALTER TABLE `cities_deliveres`
  MODIFY `id` int(11) NOT NULL AUTO_INCREMENT, AUTO_INCREMENT=27;

--
-- AUTO_INCREMENT для таблицы `city`
--
ALTER TABLE `city`
  MODIFY `id` int(11) NOT NULL AUTO_INCREMENT, AUTO_INCREMENT=5;

--
-- AUTO_INCREMENT для таблицы `country`
--
ALTER TABLE `country`
  MODIFY `id` int(11) NOT NULL AUTO_INCREMENT, AUTO_INCREMENT=4;

--
-- AUTO_INCREMENT для таблицы `department`
--
ALTER TABLE `department`
  MODIFY `id` int(11) NOT NULL AUTO_INCREMENT, AUTO_INCREMENT=52;

--
-- AUTO_INCREMENT для таблицы `discount`
--
ALTER TABLE `discount`
  MODIFY `id` int(11) NOT NULL AUTO_INCREMENT, AUTO_INCREMENT=29;

--
-- AUTO_INCREMENT для таблицы `news`
--
ALTER TABLE `news`
  MODIFY `id` int(11) NOT NULL AUTO_INCREMENT, AUTO_INCREMENT=11;

--
-- AUTO_INCREMENT для таблицы `orders`
--
ALTER TABLE `orders`
  MODIFY `id` int(11) NOT NULL AUTO_INCREMENT, AUTO_INCREMENT=182;

--
-- AUTO_INCREMENT для таблицы `posts`
--
ALTER TABLE `posts`
  MODIFY `id` int(11) NOT NULL AUTO_INCREMENT, AUTO_INCREMENT=24;

--
-- AUTO_INCREMENT для таблицы `products`
--
ALTER TABLE `products`
  MODIFY `id` int(11) NOT NULL AUTO_INCREMENT, AUTO_INCREMENT=444;

--
-- AUTO_INCREMENT для таблицы `promotion`
--
ALTER TABLE `promotion`
  MODIFY `id` int(11) NOT NULL AUTO_INCREMENT, AUTO_INCREMENT=6;

--
-- AUTO_INCREMENT для таблицы `rating`
--
ALTER TABLE `rating`
  MODIFY `rating_id` int(11) NOT NULL AUTO_INCREMENT, AUTO_INCREMENT=59;

--
-- AUTO_INCREMENT для таблицы `review`
--
ALTER TABLE `review`
  MODIFY `id` int(11) NOT NULL AUTO_INCREMENT, AUTO_INCREMENT=42;

--
-- AUTO_INCREMENT для таблицы `salary`
--
ALTER TABLE `salary`
  MODIFY `id` int(11) NOT NULL AUTO_INCREMENT, AUTO_INCREMENT=28;

--
-- AUTO_INCREMENT для таблицы `schedule_of_delivery`
--
ALTER TABLE `schedule_of_delivery`
  MODIFY `id` int(11) NOT NULL AUTO_INCREMENT, AUTO_INCREMENT=103;

--
-- AUTO_INCREMENT для таблицы `small_images`
--
ALTER TABLE `small_images`
  MODIFY `id` int(11) NOT NULL AUTO_INCREMENT, AUTO_INCREMENT=2711;

--
-- AUTO_INCREMENT для таблицы `special_offer`
--
ALTER TABLE `special_offer`
  MODIFY `id` int(11) NOT NULL AUTO_INCREMENT, AUTO_INCREMENT=21;

--
-- AUTO_INCREMENT для таблицы `supplier`
--
ALTER TABLE `supplier`
  MODIFY `id` int(11) NOT NULL AUTO_INCREMENT, AUTO_INCREMENT=32;

--
-- AUTO_INCREMENT для таблицы `treeview_items`
--
ALTER TABLE `treeview_items`
  MODIFY `id` int(11) NOT NULL AUTO_INCREMENT, AUTO_INCREMENT=28;

--
-- AUTO_INCREMENT для таблицы `users`
--
ALTER TABLE `users`
  MODIFY `id` int(11) NOT NULL AUTO_INCREMENT, AUTO_INCREMENT=266;

--
-- AUTO_INCREMENT для таблицы `viewed_products`
--
ALTER TABLE `viewed_products`
  MODIFY `id` int(11) NOT NULL AUTO_INCREMENT, AUTO_INCREMENT=52;

--
-- AUTO_INCREMENT для таблицы `workers`
--
ALTER TABLE `workers`
  MODIFY `id` int(11) NOT NULL AUTO_INCREMENT, AUTO_INCREMENT=59;
COMMIT;

/*!40101 SET CHARACTER_SET_CLIENT=@OLD_CHARACTER_SET_CLIENT */;
/*!40101 SET CHARACTER_SET_RESULTS=@OLD_CHARACTER_SET_RESULTS */;
/*!40101 SET COLLATION_CONNECTION=@OLD_COLLATION_CONNECTION */;
